id,disaster_type,crowd_size,venue_area,entry_points,exit_points,road_width,walking_speed,emergency_response_time,shelter_capacity,blocked_route,density,flow_rate,risk_level,split
2548,Earthquake,4423,3135,3,5,11.5,0.56,7.1,9623,AuditoriumRoad,1.4108,45.4278,Low,train
696,Chemical,2623,3316,3,4,7.6,0.71,7.4,15580,None,0.791,17.0729,Low,test
2999,Chemical,8567,1261,4,5,7.1,0.5,15.0,12510,Cafeteria,6.7938,120.5899,Moderate,train
485,Other,2779,502,1,3,9.9,0.96,9.1,10102,SportsGround,5.5359,157.8396,Moderate,validation
1706,Flood,4530,1375,2,5,11.4,1.66,6.5,5973,LibraryJunction,3.2945,311.7256,Moderate,test
1882,Fire,3457,2980,4,3,8.7,1.46,5.5,10528,SportsGround,1.1601,44.2068,Low,train
233,Flood,14539,2044,1,1,10.2,1.05,15.8,14979,None,7.113,76.1802,High,train
2017,Other,9951,1577,3,3,11.6,1.5,9.4,12504,MainGate,6.3101,329.3872,Moderate,train
2784,Other,14432,4080,3,1,4.3,1.52,7.3,8584,ExitGate,3.5373,23.1198,High,test
770,Fire,1582,2127,4,3,4.2,1.64,19.0,14989,SportsGround,0.7438,15.3699,Moderate,train
1087,Earthquake,432,3092,2,4,11.4,1.15,7.7,13476,Cafeteria,0.1397,7.3259,Low,train
675,Other,3004,3926,3,2,10.9,1.28,16.2,10952,LibraryJunction,0.7652,21.3521,Low,train
2414,Other,12570,2086,2,2,10.8,0.88,6.4,15559,LibraryJunction,6.0259,114.5403,Moderate,validation
2895,Chemical,12383,1183,1,5,7.1,1.57,4.8,2104,SportsGround,10.4675,583.4061,Critical,train
1293,Fire,1683,1452,2,1,4.3,1.27,19.4,13061,LibraryJunction,1.1591,6.3298,Moderate,test
2547,Earthquake,10411,905,5,4,2.9,1.62,10.3,15527,ExitGate,11.5039,216.1813,Critical,test
685,Flood,4109,3243,5,1,8.7,1.46,15.5,14772,SportsGround,1.267,16.0934,Moderate,train
2606,Flood,217,4040,2,5,4.9,0.69,17.7,14534,None,0.0537,0.9078,Low,train
911,Other,2328,2191,2,3,6.6,1.42,10.5,10391,AuditoriumRoad,1.0625,29.8732,Low,train
585,Other,3523,1577,1,5,9.8,0.52,11.0,8669,None,2.234,56.9223,Low,train
1894,Fire,12693,3014,2,2,10.5,0.84,3.3,12667,LibraryJunction,4.2113,74.2873,Moderate,validation
846,Flood,10142,4870,3,4,8.1,1.14,18.8,6069,Cafeteria,2.0825,76.9192,Moderate,train
2050,Earthquake,7768,2595,4,1,9.1,0.66,18.3,2376,MainGate,2.9934,17.9784,High,validation
698,Earthquake,14879,4382,3,5,8.8,1.54,15.1,15610,ExitGate,3.3955,230.0791,Moderate,test
2962,Other,3079,2859,3,2,9.4,0.73,19.0,15978,LibraryJunction,1.0769,14.7794,Low,train
2912,Fire,6581,3272,1,5,4.3,1.06,3.4,7695,ExitGate,2.0113,45.8375,Moderate,validation
776,Chemical,1604,4253,1,4,3.8,0.92,14.5,11753,SportsGround,0.3771,5.2734,Moderate,train
2026,Other,9061,778,3,3,3.5,1.14,14.6,12470,None,11.6465,139.4086,Critical,train
1122,Chemical,1758,4349,4,3,5.1,1.48,9.2,9616,HostelBlock,0.4042,9.1527,Low,train
2575,Earthquake,12126,1194,1,4,10.0,0.89,3.0,15209,ExitGate,10.1558,361.5465,High,train
394,Flood,3467,4872,3,1,11.0,1.48,11.6,793,None,0.7116,11.5848,Moderate,train
1369,Chemical,8188,1992,1,3,11.0,1.16,10.9,3429,MainGate,4.1104,157.3461,High,train
159,Earthquake,12948,2808,4,5,7.5,1.76,16.7,13627,LibraryJunction,4.6111,304.3326,Moderate,train
1503,Earthquake,7002,1837,1,5,11.1,1.03,12.1,10800,ExitGate,3.8116,217.8901,Moderate,train
841,Chemical,10627,4635,4,4,8.8,0.69,15.1,1963,Cafeteria,2.2928,55.6875,High,train
1097,Other,11231,3897,2,1,11.1,1.04,2.3,3012,HostelBlock,2.882,33.2698,High,train
1495,Chemical,14951,3477,4,5,10.7,1.53,8.7,5528,SportsGround,4.3,351.9765,High,train
1194,Flood,5963,3512,2,3,6.6,0.58,6.2,10143,None,1.6979,19.4987,Low,validation
1524,Other,396,4153,1,3,8.1,1.69,8.5,11658,MainGate,0.0954,3.9178,Low,train
1159,Earthquake,9142,4277,2,4,9.9,1.58,3.7,9127,ExitGate,2.1375,133.7391,Low,test
448,Other,11296,2941,3,1,7.8,1.22,4.2,582,Cafeteria,3.8409,36.55,High,train
125,Fire,1196,755,4,4,6.5,0.64,14.8,7767,MainGate,1.5841,26.3594,Low,train
2348,Earthquake,14073,3345,1,1,11.9,0.74,4.9,14887,HostelBlock,4.2072,37.0486,Moderate,train
2411,Earthquake,4251,2076,2,2,2.6,0.72,8.4,1167,LibraryJunction,2.0477,7.6666,High,train
2201,Chemical,7754,2030,5,1,7.5,0.92,18.9,12563,None,3.8197,26.3559,Moderate,train
2579,Other,4578,4168,3,5,7.1,1.26,3.9,15660,SportsGround,1.0984,49.1314,Low,test
895,Earthquake,14342,4203,2,4,4.6,1.05,8.8,3075,HostelBlock,3.4123,65.9256,High,validation
787,Fire,4857,712,1,4,6.0,1.71,3.9,5800,LibraryJunction,6.8216,279.9585,High,train
755,Chemical,4668,1805,2,1,5.0,1.54,13.9,3383,None,2.5861,19.913,Moderate,validation
1644,Earthquake,1070,3564,3,4,11.1,1.65,17.7,1779,AuditoriumRoad,0.3002,21.9927,Low,train
1790,Fire,14447,3579,3,5,8.6,1.49,15.4,11574,ExitGate,4.0366,258.625,Moderate,train
2618,Earthquake,3935,1902,4,5,3.0,1.42,16.3,7519,HostelBlock,2.0689,44.0676,Moderate,train
1067,Chemical,3392,4597,3,4,9.4,1.77,14.6,2095,HostelBlock,0.7379,49.1087,Moderate,validation
1621,Fire,14081,1322,1,4,9.3,1.08,15.3,6799,Cafeteria,10.6513,427.9266,Critical,train
822,Chemical,2585,4125,1,5,11.5,0.61,7.7,13154,LibraryJunction,0.6267,21.9815,Low,test
2329,Chemical,9448,3334,1,3,8.8,1.66,4.1,1019,None,2.8338,124.1885,Moderate,train
273,Fire,14448,4650,4,5,2.8,1.76,14.6,13808,MainGate,3.1071,76.5589,Moderate,train
317,Earthquake,2279,3546,3,1,9.8,0.54,16.5,4956,MainGate,0.6427,3.4012,Moderate,validation
201,Earthquake,12569,3495,2,2,8.2,1.02,2.7,1137,LibraryJunction,3.5963,60.1589,Moderate,validation
1014,Fire,2353,3685,1,1,10.0,0.66,8.2,723,SportsGround,0.6385,4.2141,High,train
644,Other,8805,1300,1,4,5.8,1.44,6.5,1057,None,6.7731,226.2757,High,validation
2949,Other,11238,3873,2,2,9.5,1.06,7.6,736,MainGate,2.9016,58.4382,Moderate,train
1818,Flood,4477,2084,5,4,4.1,1.21,15.2,8549,ExitGate,2.1483,42.6309,Moderate,train
2805,Other,4387,2053,3,5,3.1,0.95,7.9,12060,LibraryJunction,2.1369,31.4659,Moderate,validation
541,Fire,3304,3656,2,5,8.7,1.24,19.1,9649,Cafeteria,0.9037,48.7456,Low,train
2470,Other,11578,1466,4,1,5.0,1.61,9.6,11971,MainGate,7.8977,63.5765,High,train
699,Chemical,12187,1420,4,1,3.8,1.22,7.5,7080,SportsGround,8.5824,39.788,Critical,train
924,Flood,4291,2152,3,2,4.4,0.52,2.5,738,HostelBlock,1.994,9.1245,Moderate,test
506,Chemical,6443,1142,5,3,6.9,1.74,17.6,10995,HostelBlock,5.6419,203.21,Moderate,validation
1735,Earthquake,7750,2916,1,4,4.6,0.67,4.1,15446,SportsGround,2.6578,32.7654,Moderate,train
2824,Chemical,703,573,5,1,3.8,0.95,12.3,3923,AuditoriumRoad,1.2269,4.4291,Moderate,test
1257,Fire,12486,2731,1,4,8.7,0.67,15.3,4923,MainGate,4.572,106.6008,High,test
2336,Other,14050,4528,2,3,4.7,1.23,9.6,8547,Cafeteria,3.1029,53.8136,Moderate,train
1881,Fire,10733,1722,5,2,9.9,1.45,12.6,6205,None,6.2329,178.9466,High,train
2799,Chemical,7705,3041,3,3,7.3,0.76,13.2,696,MainGate,2.5337,42.1709,High,train
1804,Earthquake,1284,892,4,5,3.0,1.34,3.4,10819,MainGate,1.4395,28.9339,Low,train
2357,Flood,11275,4829,4,5,9.6,1.11,16.0,10309,None,2.3349,124.4035,Low,train
2022,Other,7536,4016,2,5,7.7,1.79,19.9,15098,AuditoriumRoad,1.8765,129.319,Moderate,train
688,Earthquake,13305,3515,1,2,11.0,1.1,3.4,15211,LibraryJunction,3.7852,91.6018,Moderate,train
1011,Fire,5995,1645,4,1,5.9,1.63,5.6,3605,AuditoriumRoad,3.6444,35.0482,High,test
212,Other,4912,844,1,3,11.3,1.35,15.5,4005,SportsGround,5.8199,266.3477,High,test
135,Fire,6363,2262,4,4,5.7,0.98,15.0,13227,MainGate,2.813,62.8537,Moderate,validation
1944,Flood,13853,4282,5,2,3.4,0.6,6.9,8970,MainGate,3.2352,13.1996,Moderate,test
2039,Fire,9558,3758,4,5,3.1,1.21,14.9,8323,AuditoriumRoad,2.5434,47.7015,Moderate,train
2764,Fire,13018,605,1,5,5.3,1.48,5.5,10564,MainGate,21.5174,843.9124,Critical,validation
1544,Fire,3440,2760,5,4,5.2,1.26,7.8,777,MainGate,1.2464,32.6657,Moderate,train
1340,Chemical,13735,2845,4,2,11.3,0.73,7.2,9227,HostelBlock,4.8278,79.649,Moderate,test
2512,Chemical,8948,3795,2,1,3.3,1.36,6.4,15823,None,2.3578,10.5818,Moderate,train
1516,Earthquake,358,1117,1,3,10.8,1.3,4.8,10758,ExitGate,0.3205,13.4995,Low,train
473,Other,11003,4450,2,5,7.6,0.5,18.9,11617,Cafeteria,2.4726,46.9794,Moderate,validation
234,Fire,1302,2188,1,5,2.8,1.28,14.7,1297,SportsGround,0.5951,10.6642,Moderate,train
1844,Earthquake,10014,4442,4,2,2.9,1.18,14.7,10035,SportsGround,2.2544,15.4291,Moderate,train
1034,Earthquake,12030,2663,2,4,11.0,0.88,19.7,10755,None,4.5175,174.9176,Moderate,validation
109,Fire,3788,3386,2,5,4.9,1.48,15.8,11655,LibraryJunction,1.1187,40.5641,Moderate,test
236,Chemical,9661,3112,5,3,4.8,1.64,19.7,9040,SportsGround,3.1044,73.3135,Moderate,train
2129,Chemical,3463,4352,1,5,9.5,1.77,12.2,10600,LibraryJunction,0.7957,66.8985,Low,train
1767,Flood,10195,4314,1,3,2.9,1.39,3.0,14474,AuditoriumRoad,2.3632,28.5782,Moderate,train
2005,Earthquake,2360,2682,1,5,5.8,0.88,10.7,14180,None,0.8799,22.455,Low,train
53,Other,9357,4851,5,3,11.5,1.66,13.0,12284,Cafeteria,1.9289,110.4681,Low,train
2538,Other,12499,4135,1,3,6.2,0.6,13.1,6053,SportsGround,3.0227,33.7333,High,train
1166,Other,13399,552,4,5,9.0,0.65,2.0,10392,MainGate,24.2736,710.0028,Critical,test
2217,Other,9590,4920,5,2,10.8,1.55,7.9,5499,SportsGround,1.9492,65.2592,Moderate,train
646,Chemical,6359,1564,5,2,11.0,1.4,6.6,8150,MainGate,4.0659,125.2297,Moderate,validation
213,Flood,9408,2721,3,2,3.5,1.46,6.3,1331,SportsGround,3.4576,35.3367,High,train
1377,Earthquake,13265,2133,2,5,7.3,1.61,3.9,4483,LibraryJunction,6.2189,365.4537,High,validation
279,Flood,11294,1395,2,2,7.4,1.22,8.0,7485,ExitGate,8.0961,146.1832,High,test
1610,Flood,6343,4571,2,4,7.1,0.85,12.2,9304,HostelBlock,1.3877,33.4991,Low,validation
442,Fire,8936,4907,1,1,4.5,1.32,5.8,11729,Cafeteria,1.8211,10.8173,Moderate,train
1181,Other,10507,698,1,2,2.8,0.68,2.1,13187,Cafeteria,15.053,57.3218,Critical,train
651,Chemical,819,507,4,3,3.9,0.93,9.0,560,ExitGate,1.6154,17.5772,Moderate,train
488,Chemical,9352,1372,1,5,5.3,1.73,16.5,4722,AuditoriumRoad,6.8163,312.4933,Critical,train
2111,Flood,11160,4477,3,2,10.6,1.73,15.9,11202,HostelBlock,2.4927,91.4223,Moderate,train
492,Chemical,8007,1962,3,3,4.6,1.25,5.3,12725,SportsGround,4.081,70.3972,Moderate,train
2222,Fire,12013,4430,1,1,7.5,0.71,17.8,13666,None,2.7117,14.4398,Moderate,test
177,Other,1429,969,4,3,7.4,1.47,4.9,1010,LibraryJunction,1.4747,48.1254,Moderate,train
1600,Chemical,1177,3829,4,1,10.8,1.51,2.5,11504,HostelBlock,0.3074,5.0131,Low,train
1694,Other,12872,4460,5,1,11.8,1.47,17.0,15799,ExitGate,2.8861,50.0623,Moderate,train
296,Chemical,2529,4509,5,3,8.5,0.99,3.4,13518,MainGate,0.5609,14.1599,Low,test
2279,Other,13948,3643,3,1,4.4,1.73,12.6,12951,MainGate,3.8287,29.1441,High,train
806,Fire,1882,564,4,4,10.6,1.46,12.7,9581,AuditoriumRoad,3.3369,206.5675,Moderate,train
243,Chemical,11597,2487,5,2,6.3,0.81,7.8,5137,Cafeteria,4.663,47.5906,High,train
2398,Earthquake,14675,4305,1,2,10.2,0.6,18.6,7801,None,3.4088,41.7237,High,train
513,Other,2413,4144,5,2,8.1,1.09,15.5,14873,Cafeteria,0.5823,10.2823,Low,train
949,Earthquake,12224,3022,4,1,3.5,1.24,16.4,13840,LibraryJunction,4.045,17.5553,High,train
433,Earthquake,11384,1953,1,2,11.6,1.46,4.1,1165,Cafeteria,5.829,197.4399,High,train
2795,Other,1468,507,1,3,5.3,0.64,8.2,15239,None,2.8955,29.4646,Low,train
609,Other,4640,3109,2,3,8.0,0.72,7.6,15118,HostelBlock,1.4924,25.7887,Low,train
2192,Chemical,1781,4815,2,5,9.1,0.64,11.9,1434,SportsGround,0.3699,10.7715,Low,train
1404,Fire,6879,1682,1,5,6.1,1.28,11.5,3091,MainGate,4.0898,159.6658,High,train
2462,Chemical,7988,4209,2,5,10.5,0.51,11.3,5980,None,1.8978,50.8136,Low,train
572,Other,1949,2039,2,2,2.7,1.78,13.1,10422,SportsGround,0.9559,9.1881,Moderate,train
467,Flood,3652,4424,5,2,8.6,1.03,6.4,2595,LibraryJunction,0.8255,14.6246,Low,train
1288,Flood,7074,1178,1,1,6.7,1.42,7.7,14555,AuditoriumRoad,6.0051,57.1325,High,train
745,Other,5482,3697,5,1,10.2,0.63,14.2,6004,ExitGate,1.4828,9.5285,Moderate,test
842,Fire,14949,2407,4,3,7.6,1.75,18.0,12557,AuditoriumRoad,6.2106,247.8029,High,train
30,Other,6684,2675,2,3,6.8,1.71,18.8,652,ExitGate,2.4987,87.1647,High,train
1368,Fire,14409,2664,5,2,5.7,1.38,11.1,10755,ExitGate,5.4088,85.0912,High,train
2803,Flood,9518,1197,5,4,10.4,1.0,8.4,12556,SportsGround,7.9515,330.7824,Moderate,train
1635,Other,14861,4632,1,4,3.8,0.56,4.8,2667,SportsGround,3.2083,27.309,High,train
2356,Other,5782,4084,2,3,7.5,1.42,2.4,15616,LibraryJunction,1.4158,45.2348,Low,train
477,Other,1946,3467,2,4,8.7,0.83,17.4,7439,HostelBlock,0.5613,16.2126,Low,train
1930,Earthquake,2043,3969,3,4,2.9,1.67,13.6,3400,ExitGate,0.5147,9.9708,Moderate,train
1201,Other,11641,2425,4,4,11.6,0.53,17.1,4928,AuditoriumRoad,4.8004,118.0514,High,validation
1937,Fire,12535,1739,5,4,8.2,0.59,2.4,14148,MainGate,7.2082,139.4931,Moderate,train
1196,Earthquake,2276,964,4,2,5.2,0.91,12.8,15088,SportsGround,2.361,22.3445,Moderate,test
1313,Chemical,8391,1631,2,1,4.5,1.07,8.1,11215,LibraryJunction,5.1447,24.7717,High,validation
992,Chemical,9434,3548,5,5,4.1,1.57,7.7,13407,Cafeteria,2.659,85.5799,Moderate,train
2774,Flood,10998,4521,5,2,10.1,1.15,8.2,1672,HostelBlock,2.4326,56.5093,Moderate,train
1651,Flood,886,2304,1,3,2.6,0.67,9.5,3672,Cafeteria,0.3845,2.0094,Moderate,test
2983,Flood,4357,2266,3,3,4.5,1.27,9.3,13293,Cafeteria,1.9228,32.9664,Moderate,validation
2763,Chemical,12789,4878,1,3,5.6,0.88,15.2,14227,SportsGround,2.6218,38.7607,Moderate,test
193,Earthquake,5321,1676,3,3,11.8,0.67,8.7,9702,MainGate,3.1748,75.2999,Low,train
1483,Flood,12791,2048,2,3,2.9,0.52,4.7,14581,AuditoriumRoad,6.2456,28.2551,High,validation
1836,Flood,3082,4938,3,3,5.0,0.74,11.4,8047,Cafeteria,0.6241,6.9275,Low,train
2984,Fire,1919,2405,5,1,8.9,0.7,6.0,7704,Cafeteria,0.7979,4.9709,Low,test
1529,Chemical,3755,2006,1,1,6.2,0.69,8.1,855,ExitGate,1.8719,8.008,High,train
981,Fire,4709,3630,4,3,2.6,0.65,4.2,11008,SportsGround,1.2972,6.5768,Low,validation
1766,Flood,6235,1392,2,5,9.1,1.17,16.9,5012,HostelBlock,4.4792,238.4502,Moderate,train
1362,Other,11500,1996,2,2,9.1,1.09,2.7,10480,AuditoriumRoad,5.7615,114.2966,Moderate,test
987,Other,3011,4959,4,1,4.9,0.56,19.0,15321,AuditoriumRoad,0.6072,1.6662,Moderate,train
1574,Earthquake,1539,3746,4,1,11.9,1.21,11.4,9928,None,0.4108,5.9151,Low,validation
39,Flood,13305,1831,2,4,2.7,1.46,8.0,15750,Cafeteria,7.2665,114.5782,High,test
2714,Flood,7345,2245,4,5,6.0,0.99,17.5,3572,MainGate,3.2717,97.1695,High,validation
104,Earthquake,10185,1146,4,5,9.0,1.15,12.5,4304,ExitGate,8.8874,459.923,Critical,train
2826,Earthquake,14854,4530,1,5,4.3,0.87,9.3,9841,MainGate,3.279,61.3337,High,train
2705,Fire,370,3780,3,5,8.7,1.27,13.8,13142,None,0.0979,5.4085,Low,train
2615,Earthquake,13503,1255,5,1,7.0,1.15,7.3,2903,Cafeteria,10.7594,86.6132,Critical,validation
1335,Other,6248,4838,3,3,9.6,1.09,10.4,3054,LibraryJunction,1.2914,40.5396,Moderate,test
1379,Chemical,10140,2794,5,4,3.1,0.57,8.2,9312,HostelBlock,3.6292,25.6512,Moderate,train
2242,Earthquake,11411,3088,1,3,4.2,1.08,7.5,5852,SportsGround,3.6953,50.2856,High,train
1205,Fire,12606,2273,1,3,9.4,1.31,17.6,13322,None,5.546,204.8803,Moderate,train
1908,Other,3177,4064,3,5,10.7,1.38,10.0,12024,Cafeteria,0.7817,57.7129,Low,train
995,Fire,1920,3601,1,2,7.5,1.64,12.6,13718,ExitGate,0.5332,13.1167,Low,validation
1820,Chemical,5745,738,2,5,9.6,1.75,2.4,13371,Cafeteria,7.7846,653.9064,Moderate,train
1575,Other,12319,1849,2,3,7.1,0.92,17.1,6616,Cafeteria,6.6625,130.5583,High,test
1967,Earthquake,13256,3465,3,1,2.8,1.73,6.6,11195,HostelBlock,3.8257,18.5317,High,train
415,Fire,7477,4260,5,4,3.3,1.15,7.7,8648,None,1.7552,26.6439,Low,train
2342,Chemical,2257,1692,2,3,10.7,1.56,7.5,5533,Cafeteria,1.3339,66.7964,Low,train
2070,Chemical,1190,3462,3,5,5.2,1.49,6.6,11248,None,0.3437,13.3149,Low,train
1180,Fire,11322,4084,3,2,4.4,0.71,16.6,13749,SportsGround,2.7723,17.3213,Moderate,train
1433,Chemical,6109,2454,5,5,6.5,1.01,15.4,6190,ExitGate,2.4894,81.7146,Moderate,validation
466,Chemical,6134,1789,5,1,8.8,1.04,7.9,2356,ExitGate,3.4287,31.3795,High,test
2861,Chemical,8307,3175,1,3,5.4,1.73,19.3,6520,Cafeteria,2.6164,73.3272,High,test
1934,Chemical,2705,595,5,3,3.5,0.69,19.7,6325,SportsGround,4.5462,32.9372,High,train
265,Earthquake,2474,1888,3,3,5.0,0.69,5.0,5021,Cafeteria,1.3104,13.5626,Low,train
1613,Flood,1035,2676,4,4,8.2,1.12,9.0,2456,LibraryJunction,0.3868,14.2095,Low,validation
1775,Flood,12074,1480,4,1,10.9,1.38,9.1,10490,HostelBlock,8.1581,122.7141,High,train
1939,Fire,1968,3837,2,2,7.0,1.03,2.0,3556,SportsGround,0.5129,7.396,Low,test
2137,Other,982,2339,5,3,7.3,0.67,15.0,12354,SportsGround,0.4198,6.1597,Low,train
2421,Earthquake,14207,3969,3,4,5.5,1.37,11.2,15537,Cafeteria,3.5795,107.8861,Moderate,validation
1175,Fire,12904,4653,5,3,3.7,0.92,19.2,6203,Cafeteria,2.7733,28.3209,High,train
2061,Fire,11904,2769,2,2,10.6,0.67,9.9,6384,LibraryJunction,4.299,61.063,High,train
753,Flood,4573,3878,3,2,4.9,1.28,9.3,2360,LibraryJunction,1.1792,14.7919,Moderate,test
170,Flood,5972,863,5,3,10.2,0.73,16.0,8112,ExitGate,6.92,154.579,High,train
851,Fire,1193,2706,3,4,7.8,0.59,2.5,10879,SportsGround,0.4409,8.1161,Low,train
835,Chemical,2282,4643,4,4,3.7,1.42,17.5,2434,SportsGround,0.4915,10.3294,Moderate,train
12,Fire,9971,3958,1,4,6.1,1.79,11.5,9564,None,2.5192,110.0286,Moderate,validation
48,Earthquake,7444,4119,2,5,7.0,1.67,16.3,3280,MainGate,1.8072,105.6308,High,test
812,Chemical,4827,2197,1,4,3.7,0.76,12.9,2153,Cafeteria,2.1971,24.713,High,train
2743,Chemical,4026,2470,4,3,6.0,1.66,3.5,5715,LibraryJunction,1.63,48.7044,Low,test
422,Other,2405,4630,4,1,7.5,0.56,18.8,14243,ExitGate,0.5194,2.1815,Moderate,test
2146,Flood,5059,2176,2,2,10.4,0.7,14.1,2723,None,2.3249,33.8505,Moderate,test
2537,Fire,8068,2927,1,5,8.9,1.38,4.5,10995,SportsGround,2.7564,169.2705,Moderate,train
1460,Fire,2960,1282,1,5,2.6,0.92,7.5,13607,HostelBlock,2.3089,27.6144,Moderate,train
2804,Earthquake,6980,1809,1,4,10.8,1.44,17.6,5953,SportsGround,3.8585,240.0296,High,test
1953,Earthquake,6924,4575,1,3,10.0,0.84,2.3,13451,AuditoriumRoad,1.5134,38.1377,Low,train
1367,Earthquake,12562,2562,4,5,5.1,1.32,7.9,8418,AuditoriumRoad,4.9032,165.0417,High,validation
604,Flood,8121,3286,5,3,9.9,0.69,17.7,13969,LibraryJunction,2.4714,50.6464,Moderate,train
2788,Chemical,5388,2709,1,4,7.1,1.5,10.0,6978,SportsGround,1.9889,84.7271,Moderate,train
1365,Other,7440,1453,1,4,4.4,1.21,5.9,8482,AuditoriumRoad,5.1204,109.044,Moderate,train
2416,Other,13825,1534,3,3,3.4,1.64,3.0,13280,HostelBlock,9.0124,150.7594,High,train
1445,Chemical,540,2496,5,4,10.5,1.04,11.9,9807,SportsGround,0.2163,9.448,Low,train
729,Fire,3293,4005,1,4,11.4,0.98,2.2,11545,ExitGate,0.8222,36.7425,Low,validation
2475,Fire,2784,2891,1,2,9.3,1.27,14.4,11393,SportsGround,0.963,22.748,Low,train
2116,Flood,9640,1248,4,5,11.9,1.27,10.1,8637,HostelBlock,7.7244,583.6943,High,train
472,Fire,3106,1288,4,5,8.2,1.64,11.6,12827,MainGate,2.4115,162.1493,Low,train
1010,Flood,14817,4008,2,5,10.2,0.64,9.9,14252,ExitGate,3.6969,120.6668,Moderate,train
1704,Flood,12525,3806,1,3,11.2,1.05,13.8,4908,None,3.2909,116.103,High,train
2955,Flood,6516,1967,1,1,2.8,0.76,8.9,10600,AuditoriumRoad,3.3127,7.0494,High,train
2456,Other,12096,3701,3,2,5.6,1.27,2.3,13575,None,3.2683,46.4883,Low,train
945,Fire,10864,972,4,4,9.5,0.82,2.6,13822,HostelBlock,11.177,348.2753,High,validation
1266,Earthquake,11511,2696,2,5,10.0,1.21,7.6,11182,SportsGround,4.2697,258.3168,Moderate,train
1904,Flood,898,4729,5,1,7.4,1.56,14.1,7836,MainGate,0.1899,2.1922,Moderate,validation
1173,Chemical,3653,4622,3,5,6.2,0.58,13.8,6264,HostelBlock,0.7904,14.2114,Low,train
1317,Other,5163,946,4,3,9.5,0.65,16.5,15380,ExitGate,5.4577,101.1039,Moderate,test
2352,Flood,13431,1232,3,1,11.4,0.77,18.5,8279,MainGate,10.9018,95.696,Critical,train
2161,Earthquake,13714,3130,3,4,3.5,1.52,12.8,14627,LibraryJunction,4.3815,93.2383,Moderate,test
2848,Other,9715,2887,5,2,10.2,1.24,3.9,5799,HostelBlock,3.3651,85.1236,Moderate,train
370,Chemical,813,4375,2,3,6.3,1.3,14.3,7081,None,0.1858,4.5651,Low,test
1111,Chemical,7344,4561,5,4,11.3,0.83,5.6,14361,AuditoriumRoad,1.6102,60.4083,Low,train
1690,Other,5730,4196,1,5,9.8,1.51,10.4,2500,ExitGate,1.3656,101.0407,Moderate,test
2341,Earthquake,446,3462,1,4,11.8,0.64,11.2,8701,ExitGate,0.1288,3.8908,Low,test
855,Other,8100,992,3,5,4.9,1.38,20.0,14302,SportsGround,8.1653,276.0688,High,train
2075,Other,12322,1303,5,4,3.9,0.81,7.6,13945,MainGate,9.4566,119.4936,High,test
2634,Earthquake,14745,3027,4,1,8.7,1.41,15.5,15838,SportsGround,4.8712,59.755,High,train
2310,Fire,9052,2782,3,5,6.7,1.08,19.1,8760,LibraryJunction,3.2538,117.7225,Moderate,train
2713,Other,2371,1476,5,4,10.6,0.89,4.5,8439,MainGate,1.6064,60.6191,Low,validation
1852,Other,12337,3263,3,5,8.5,1.45,9.6,6459,HostelBlock,3.7809,232.998,High,train
2420,Flood,3162,1584,4,4,3.2,0.8,10.7,4303,Cafeteria,1.9962,20.4411,Moderate,train
1384,Other,2498,689,1,4,6.6,1.55,16.4,14126,None,3.6255,148.3555,Moderate,train
2307,Other,12474,4687,2,4,10.3,1.22,3.6,9749,MainGate,2.6614,133.7726,Moderate,train
1772,Fire,1761,3689,4,5,10.7,1.51,15.0,9092,None,0.4774,38.5668,Low,test
1869,Earthquake,5526,1864,3,2,10.0,1.61,11.7,5746,AuditoriumRoad,2.9646,95.4601,Moderate,train
1231,Fire,9924,563,5,3,8.9,1.09,7.8,3395,AuditoriumRoad,17.627,512.9986,Critical,test
2208,Other,10068,2331,3,4,8.5,0.51,10.0,5380,LibraryJunction,4.3192,74.8949,High,train
2588,Earthquake,14090,4978,3,1,6.2,0.56,14.6,12481,SportsGround,2.8305,9.8275,Moderate,train
2109,Fire,10949,3544,1,4,4.8,1.67,16.2,8344,SportsGround,3.0894,99.0585,High,train
375,Fire,14606,4794,5,1,4.2,1.64,5.6,1444,SportsGround,3.0467,20.9857,High,train
365,Flood,3032,4178,2,2,10.2,0.66,9.6,11692,Cafeteria,0.7257,9.7708,Low,train
174,Fire,11538,4564,4,3,11.3,1.18,16.4,12412,Cafeteria,2.528,101.1251,Moderate,train
1692,Earthquake,1239,1207,2,2,5.7,1.18,14.4,3681,ExitGate,1.0265,13.8085,Low,train
1867,Flood,3178,3169,2,2,8.0,1.24,13.1,12640,Cafeteria,1.0028,19.8956,Low,train
1413,Flood,9143,2652,4,1,9.6,1.35,11.3,6027,HostelBlock,3.4476,44.6809,High,test
1057,Flood,694,1795,2,3,3.8,0.82,2.2,14116,Cafeteria,0.3866,3.6139,Low,train
693,Other,8133,2357,3,3,9.8,0.56,8.4,7969,LibraryJunction,3.4506,56.8107,Moderate,train
1744,Flood,9248,4915,1,3,7.5,0.62,6.7,9493,LibraryJunction,1.8816,26.2483,Moderate,train
1103,Fire,8972,2087,2,4,9.8,1.36,6.9,15818,LibraryJunction,4.299,229.1883,Moderate,train
2739,Earthquake,4305,4142,2,4,8.2,0.52,16.7,9552,HostelBlock,1.0394,17.728,Low,test
619,Earthquake,5246,1943,4,1,8.2,1.39,12.7,13932,Cafeteria,2.6999,30.7735,Moderate,train
789,Fire,5523,4211,5,2,4.5,0.56,13.6,5794,None,1.3116,6.6105,Low,train
2719,Other,2476,516,3,3,7.1,1.55,18.8,8143,AuditoriumRoad,4.7984,158.4192,Moderate,validation
523,Earthquake,14020,1157,2,1,5.0,1.01,11.8,3475,SportsGround,12.1175,61.1934,Critical,train
866,Flood,12422,1550,1,2,5.0,1.24,6.1,9070,AuditoriumRoad,8.0142,99.3761,High,test
576,Chemical,14742,4248,2,4,6.3,0.55,15.2,6732,HostelBlock,3.4703,48.0984,High,test
1444,Earthquake,13851,2338,2,2,10.8,1.07,16.6,2881,None,5.9243,136.9224,High,train
2344,Fire,4407,3423,5,2,2.7,1.02,14.4,13624,AuditoriumRoad,1.2875,7.0916,Moderate,train
97,Chemical,14447,3136,2,2,7.9,0.8,16.0,1215,HostelBlock,4.6068,58.23,High,train
1274,Fire,10439,1000,4,5,4.0,0.96,12.1,4203,HostelBlock,10.439,200.4288,Critical,train
2315,Flood,2151,2565,4,1,2.7,1.74,17.3,6799,LibraryJunction,0.8386,3.9397,Moderate,train
2969,Fire,11673,4248,1,4,8.1,0.61,6.7,7714,MainGate,2.7479,54.3095,Moderate,train
1294,Flood,10652,2281,3,4,3.3,1.44,6.4,14218,SportsGround,4.6699,88.7655,Moderate,test
221,Earthquake,311,2532,3,4,4.7,1.48,19.2,5447,None,0.1228,3.4168,Low,train
1033,Other,8958,2220,1,1,8.7,1.32,19.5,5817,MainGate,4.0351,46.3391,High,train
2216,Fire,496,1001,5,2,5.1,1.58,8.5,2210,SportsGround,0.4955,7.9855,Low,train
176,Earthquake,2930,3990,4,3,6.7,1.44,18.4,10573,Cafeteria,0.7343,21.2536,Low,validation
3,Flood,9854,4179,3,1,9.7,0.71,9.6,5052,LibraryJunction,2.358,16.2395,High,train
563,Chemical,4992,656,4,2,11.8,1.16,14.8,15309,HostelBlock,7.6098,208.3259,High,train
2910,Other,3750,1977,4,1,7.5,0.61,4.0,13297,MainGate,1.8968,8.6779,Low,train
656,Other,615,2081,5,2,7.1,0.58,11.7,5541,ExitGate,0.2955,2.4337,Low,validation
2654,Other,14799,2308,4,4,5.9,1.46,3.7,14659,ExitGate,6.412,220.9319,Moderate,validation
124,Chemical,7605,1393,5,2,11.5,0.56,16.1,14704,AuditoriumRoad,5.4594,70.3171,Moderate,train
4,Chemical,1874,3257,1,4,3.4,1.6,12.9,13723,None,0.5754,12.5207,Low,train
1991,Chemical,12360,3198,5,4,6.7,0.6,2.4,11789,None,3.8649,62.1476,Low,train
1364,Chemical,7806,4409,1,5,10.9,0.57,16.2,1696,SportsGround,1.7705,55.0006,High,train
111,Earthquake,3489,1938,2,5,10.8,0.98,11.0,4965,LibraryJunction,1.8003,95.2719,Low,train
116,Other,8271,2993,1,1,4.7,1.2,9.0,6578,Cafeteria,2.7634,15.5856,High,train
933,Earthquake,12311,4135,3,2,5.1,1.34,15.7,9033,Cafeteria,2.9773,40.6937,Moderate,validation
2521,Fire,11473,779,5,3,3.4,1.4,19.3,3227,HostelBlock,14.7279,210.3144,Critical,train
922,Chemical,11200,1135,1,3,4.0,0.97,5.9,1064,SportsGround,9.8678,114.8612,Critical,train
1728,Flood,8965,3878,1,1,9.0,1.77,9.9,2723,SportsGround,2.3118,36.827,High,train
1246,Fire,11144,2893,4,4,10.1,1.01,8.4,8380,AuditoriumRoad,3.8521,157.1811,Moderate,test
2901,Other,10105,569,2,3,6.4,1.4,14.2,5375,MainGate,17.7592,477.3673,Critical,train
1441,Earthquake,3114,4909,4,5,9.1,0.76,3.6,10297,Cafeteria,0.6343,21.9341,Low,train
1829,Fire,5881,2822,4,5,7.3,1.75,15.5,1086,ExitGate,2.084,133.1155,High,test
199,Other,1038,3781,5,5,4.3,1.22,3.3,8761,ExitGate,0.2745,7.2001,Low,train
2843,Other,10810,3416,1,1,6.4,1.13,10.6,14701,MainGate,3.1645,22.8857,Moderate,test
2276,Earthquake,9533,529,2,2,7.3,1.49,7.0,10554,ExitGate,18.0208,392.0245,Critical,train
2785,Other,4900,551,3,4,9.4,1.1,17.8,6620,MainGate,8.8929,367.8103,High,train
2870,Chemical,3428,4250,3,2,11.2,1.49,15.7,9792,None,0.8066,26.9211,Low,test
2982,Chemical,12635,3580,4,1,11.0,1.0,9.5,1345,SportsGround,3.5293,38.8223,High,train
34,Fire,11957,2225,3,2,9.0,1.61,11.1,4614,None,5.3739,155.7356,High,train
2686,Flood,7315,3726,3,2,5.7,1.23,14.6,11964,Cafeteria,1.9632,27.528,Moderate,train
1356,Earthquake,4450,598,3,5,9.6,1.79,9.3,10632,LibraryJunction,7.4415,639.3737,Moderate,test
915,Flood,7701,4039,4,2,9.1,0.62,14.6,1215,SportsGround,1.9067,21.5152,Moderate,validation
942,Chemical,3306,1767,1,1,10.7,1.45,8.7,7128,Cafeteria,1.871,29.0286,Moderate,train
771,Fire,9350,688,5,2,11.1,1.77,5.6,11989,LibraryJunction,13.5901,534.0094,Critical,test
1394,Chemical,14579,1624,4,1,10.4,0.99,10.0,12688,SportsGround,8.9772,92.4293,High,validation
229,Earthquake,14850,993,1,4,2.8,1.03,15.8,13047,Cafeteria,14.9547,172.5174,Critical,validation
1083,Earthquake,1334,1661,3,4,3.3,1.64,10.1,7376,SportsGround,0.8031,17.3855,Moderate,train
2562,Flood,4203,2673,1,1,7.9,0.71,12.9,7585,ExitGate,1.5724,8.8196,Moderate,train
537,Fire,1817,2069,1,5,8.6,1.01,10.8,10723,AuditoriumRoad,0.8782,38.1402,Low,train
2374,Chemical,4243,4370,5,3,5.5,1.49,17.6,2741,MainGate,0.9709,23.8696,Moderate,train
1022,Fire,10137,2795,1,4,4.3,1.73,8.5,5486,MainGate,3.6268,107.9191,High,test
2550,Flood,8873,3370,2,3,10.9,1.6,15.7,7023,Cafeteria,2.6329,137.7533,Moderate,train
2761,Flood,8623,1024,3,3,11.7,0.9,15.1,9992,LibraryJunction,8.4209,266.0162,High,train
627,Chemical,14292,3906,4,5,11.3,1.31,10.2,7448,ExitGate,3.659,270.8209,High,test
1420,Earthquake,1001,2780,4,3,6.2,1.18,9.6,8307,ExitGate,0.3601,7.9035,Low,train
853,Other,14065,1187,5,2,9.9,0.69,11.7,3255,SportsGround,11.8492,161.8838,Critical,train
1064,Fire,1474,1355,3,5,9.9,0.94,6.3,3166,MainGate,1.0878,50.6153,Low,train
2082,Other,8973,681,1,5,5.7,1.59,13.1,15899,AuditoriumRoad,13.1762,597.0795,Critical,train
1565,Fire,11715,684,5,4,3.1,1.4,5.9,7013,Cafeteria,17.1272,297.3282,Critical,validation
2968,Fire,7304,4729,4,4,8.1,1.29,6.6,768,Cafeteria,1.5445,64.5539,Moderate,test
1675,Flood,12410,3178,4,3,11.6,1.48,17.6,3514,None,3.905,201.1231,High,train
828,Fire,14786,728,5,5,5.0,1.58,7.5,7426,MainGate,20.3104,802.2608,Critical,train
1954,Earthquake,14375,3970,3,4,9.7,0.94,18.1,9858,ExitGate,3.6209,132.0615,Moderate,train
360,Flood,5252,1446,4,4,7.1,1.36,3.6,9414,Cafeteria,3.6321,140.2862,Moderate,train
2994,Flood,4200,3313,5,3,8.7,1.05,6.4,3453,SportsGround,1.2677,34.7413,Low,train
575,Earthquake,3846,3883,2,2,3.1,1.71,19.7,14707,ExitGate,0.9905,10.5013,Moderate,train
944,Earthquake,3382,1830,4,3,9.8,1.48,8.3,12118,ExitGate,1.8481,80.4145,Low,train
1507,Earthquake,11298,2958,4,2,3.6,1.72,19.3,3729,HostelBlock,3.8195,47.3007,Critical,train
2535,Flood,10982,2027,1,1,8.1,1.02,7.3,7951,LibraryJunction,5.4179,44.7627,High,train
2438,Fire,13822,1894,4,1,3.8,1.02,6.7,14115,HostelBlock,7.2978,28.2863,High,train
2397,Chemical,11318,2010,4,3,7.2,0.6,9.6,914,MainGate,5.6308,72.9752,High,train
1167,Earthquake,4250,1293,2,1,7.0,1.58,10.0,1411,MainGate,3.2869,36.3531,High,train
818,Chemical,8365,4644,1,2,8.6,0.93,4.5,14403,SportsGround,1.8012,28.812,Low,train
1416,Chemical,2269,2922,3,3,6.8,1.22,18.9,14704,LibraryJunction,0.7765,19.3255,Low,test
2290,Flood,5204,2076,4,5,6.6,1.39,5.9,8280,None,2.5067,114.9823,Low,validation
2697,Fire,5843,2929,4,2,11.2,0.75,4.0,2772,AuditoriumRoad,1.9949,33.5143,Moderate,train
2967,Chemical,9219,1617,5,4,4.5,0.86,7.1,12455,Cafeteria,5.7013,88.2561,Moderate,train
1200,Fire,3535,1142,2,5,4.7,1.46,5.8,6601,LibraryJunction,3.0954,106.2032,Moderate,test
2023,Chemical,3398,4623,5,3,11.7,0.91,6.1,15591,AuditoriumRoad,0.735,23.4766,Low,train
520,Flood,4658,4209,5,4,4.3,0.53,2.9,9264,None,1.1067,10.0887,Low,train
733,Flood,8138,3813,5,3,3.9,1.09,4.2,8517,ExitGate,2.1343,27.2187,Moderate,train
1525,Earthquake,12113,2649,3,4,5.9,1.55,8.7,5419,ExitGate,4.5727,167.2694,High,train
1211,Earthquake,4729,1151,5,5,5.5,0.58,5.2,13049,AuditoriumRoad,4.1086,65.5322,Moderate,train
2119,Flood,7781,3805,5,5,8.6,1.03,12.2,9072,ExitGate,2.0449,90.5686,Low,train
242,Chemical,8054,2277,2,3,5.4,1.68,5.8,3613,MainGate,3.5371,96.2657,High,train
1150,Other,14748,3357,3,4,8.1,1.73,7.0,3622,None,4.3932,246.2476,Moderate,train
320,Flood,7929,876,3,4,11.2,0.73,19.3,1079,Cafeteria,9.0514,296.017,Critical,train
1665,Flood,862,1216,2,3,5.6,0.55,12.5,1147,None,0.7089,6.5502,Low,validation
102,Earthquake,1812,4055,1,4,4.1,0.89,2.5,5814,None,0.4469,6.523,Low,train
2695,Other,9601,2753,2,1,3.8,0.66,7.1,13341,SportsGround,3.4875,8.7467,Moderate,train
877,Other,5577,4737,5,2,3.5,0.52,14.8,10213,SportsGround,1.1773,4.2854,Moderate,train
172,Earthquake,6724,4722,5,4,4.9,1.48,5.4,6348,None,1.424,41.3074,Low,train
959,Fire,10331,4202,4,5,6.4,0.74,19.8,15932,HostelBlock,2.4586,58.2196,Moderate,train
324,Chemical,9894,3516,4,2,9.5,1.21,16.3,2966,None,2.814,64.6939,Moderate,train
1040,Flood,12107,1624,1,5,3.4,1.0,4.0,722,None,7.455,126.735,Critical,test
1237,Chemical,13290,4906,2,1,7.1,1.57,8.7,5117,Cafeteria,2.7089,30.1961,High,train
2691,Fire,13099,4975,1,4,3.4,1.62,14.1,8693,MainGate,2.633,58.0103,High,test
616,Chemical,13183,1081,3,5,6.9,1.27,6.3,4492,LibraryJunction,12.1952,534.3327,Critical,test
560,Fire,3624,3218,5,2,4.4,1.18,6.7,8413,LibraryJunction,1.1262,11.6945,Low,train
2256,Other,3639,743,5,5,5.7,1.06,11.7,13203,MainGate,4.8977,147.9595,Moderate,train
823,Chemical,6643,1003,1,2,11.1,0.58,13.4,12187,AuditoriumRoad,6.6231,85.279,High,train
1952,Chemical,5005,884,4,4,9.0,0.86,18.3,14615,Cafeteria,5.6618,175.2893,Moderate,test
878,Flood,10642,1532,5,3,5.9,1.13,13.2,3546,SportsGround,6.9465,138.9369,Critical,train
214,Chemical,1841,930,4,3,9.3,0.63,15.9,584,LibraryJunction,1.9796,34.7954,Moderate,test
2666,Earthquake,8425,3563,1,1,3.4,1.41,10.6,4484,MainGate,2.3646,11.3359,High,train
215,Other,8022,4396,2,3,5.6,1.34,18.3,1965,SportsGround,1.8248,41.0799,High,validation
799,Earthquake,7019,1182,3,3,8.1,1.09,14.1,10720,AuditoriumRoad,5.9382,157.2851,Moderate,train
2029,Flood,6853,694,5,3,11.2,0.91,18.6,4891,MainGate,9.8746,301.9258,Critical,train
1633,Flood,4608,1331,2,5,3.7,1.1,15.7,12349,LibraryJunction,3.4621,70.4537,Moderate,train
950,Chemical,12459,2216,4,3,2.6,0.72,10.9,2087,MainGate,5.6223,31.5748,Critical,train
2661,Earthquake,14536,2595,5,4,7.1,0.73,18.4,4246,None,5.6015,116.1303,High,train
1478,Fire,10465,585,4,1,9.1,1.08,13.9,4153,MainGate,17.8889,175.8121,Critical,train
2013,Fire,7202,2023,1,1,9.6,0.8,16.7,13507,ExitGate,3.5601,27.3416,Moderate,validation
2702,Earthquake,3994,2354,3,3,4.5,1.69,9.5,8397,SportsGround,1.6967,38.7102,Moderate,train
2899,Earthquake,4198,4765,5,4,7.8,0.54,5.8,15903,AuditoriumRoad,0.881,14.8431,Low,validation
2630,Flood,6005,3271,4,1,10.1,1.07,15.3,13049,LibraryJunction,1.8358,19.8395,Moderate,train
2326,Chemical,8340,1073,3,3,11.1,1.11,16.2,6373,SportsGround,7.7726,287.2986,High,train
734,Other,686,1602,1,1,10.4,1.15,2.5,3434,Cafeteria,0.4282,5.1213,Low,train
501,Flood,14229,4040,4,2,3.9,1.75,4.7,13700,None,3.522,48.0753,Moderate,train
1056,Other,12210,3592,1,4,6.0,1.41,13.9,1708,ExitGate,3.3992,115.0289,High,train
1539,Earthquake,4240,4380,2,1,5.6,1.57,10.7,2894,AuditoriumRoad,0.968,8.5107,Moderate,train
2554,Chemical,6196,1015,5,3,2.8,0.99,5.6,571,MainGate,6.1044,50.7642,Critical,train
508,Fire,4644,3739,4,3,9.6,1.18,10.1,3241,LibraryJunction,1.242,42.2081,Moderate,test
2319,Other,7319,2540,1,1,9.4,0.82,10.0,15730,MainGate,2.8815,22.2106,Moderate,validation
662,Flood,2450,4971,3,2,9.8,1.27,8.0,2478,AuditoriumRoad,0.4929,12.2693,Low,train
2871,Fire,3923,4160,4,2,10.5,1.27,6.9,13418,HostelBlock,0.943,25.1498,Low,test
1000,Fire,11971,4764,2,3,8.5,0.61,7.5,13125,HostelBlock,2.5128,39.0866,Low,train
894,Flood,4596,4381,5,4,8.6,1.53,13.7,3894,SportsGround,1.0491,55.2162,Moderate,train
2663,Other,4990,4450,5,2,3.9,0.62,6.7,13306,ExitGate,1.1213,5.4226,Low,train
2134,Chemical,12411,2893,2,3,9.2,1.52,16.3,5502,MainGate,4.29,179.9741,High,validation
676,Earthquake,1616,2381,4,5,7.1,1.79,12.6,14213,ExitGate,0.6787,43.128,Low,train
532,Fire,9106,2028,3,3,9.5,0.86,17.0,15482,LibraryJunction,4.4901,110.0524,Moderate,train
2168,Fire,5975,1737,1,5,11.7,1.3,14.5,3419,HostelBlock,3.4398,261.5968,High,train
657,Other,468,4180,1,3,3.0,1.52,2.8,2436,SportsGround,0.112,1.5322,Low,test
1488,Fire,13531,978,4,5,3.6,0.79,13.3,9734,MainGate,13.8354,196.7394,Critical,train
2520,Chemical,5364,2347,1,1,9.1,1.11,7.8,13236,MainGate,2.2855,23.0858,Moderate,train
2918,Flood,3052,2942,1,3,4.3,1.16,4.0,7000,Cafeteria,1.0374,15.5237,Low,test
2346,Fire,14243,520,4,2,5.4,0.94,12.6,5210,LibraryJunction,27.3904,278.0673,Critical,train
1905,Chemical,14428,749,1,3,9.2,1.1,5.5,1195,Cafeteria,19.263,584.8247,Critical,train
2929,Fire,9258,1277,5,5,8.8,1.79,18.0,654,Cafeteria,7.2498,570.9942,Critical,train
2852,Other,13683,1073,2,5,11.6,1.62,17.6,6249,MainGate,12.7521,1198.1873,Critical,train
2591,Fire,4155,4936,1,5,10.7,1.08,5.6,13672,MainGate,0.8418,48.6392,Low,train
967,Fire,4444,2331,1,3,3.3,0.62,15.3,15855,SportsGround,1.9065,11.7021,Moderate,validation
2522,Other,5961,2695,4,2,11.7,0.55,16.7,9647,HostelBlock,2.2119,28.4672,Moderate,train
1351,Fire,6964,3502,3,2,11.2,1.53,5.8,2091,HostelBlock,1.9886,68.1533,Moderate,train
1299,Chemical,12871,4704,2,3,4.6,0.84,18.6,8971,LibraryJunction,2.7362,31.718,High,train
2130,Flood,1495,4115,1,5,8.7,0.68,14.5,4149,HostelBlock,0.3633,10.7464,Low,validation
1513,Chemical,14185,4699,4,4,9.2,0.67,8.2,4785,SportsGround,3.0187,74.4291,Moderate,train
2059,Earthquake,4767,4491,2,2,11.3,1.62,15.5,1581,Cafeteria,1.0615,38.8636,Moderate,validation
1527,Earthquake,7796,3803,4,4,4.0,1.46,8.9,901,LibraryJunction,2.05,47.888,High,train
1876,Other,3038,2043,1,1,5.0,1.22,12.9,15896,ExitGate,1.487,9.0707,Moderate,train
168,Earthquake,8512,4957,5,5,2.7,1.64,2.8,6838,HostelBlock,1.7172,38.0188,Moderate,train
1376,Other,3617,2156,3,3,10.4,0.53,9.7,6765,HostelBlock,1.6776,27.7408,Low,train
2732,Chemical,12975,3110,4,2,4.1,1.34,12.7,15631,None,4.172,45.8419,Moderate,validation
2523,Earthquake,5841,511,3,5,9.5,1.45,16.5,5758,ExitGate,11.4305,787.2757,Critical,test
957,Chemical,6400,3764,5,1,11.8,1.64,16.5,550,ExitGate,1.7003,32.9042,High,train
161,Chemical,12702,1187,2,3,6.8,1.17,17.0,2002,SportsGround,10.7009,255.4091,Critical,train
602,Flood,1622,3890,4,2,6.0,1.58,7.4,9103,AuditoriumRoad,0.417,7.9063,Low,train
639,Chemical,8002,3766,3,4,9.6,1.48,11.6,6722,Cafeteria,2.1248,120.7566,Moderate,train
1208,Other,5046,4946,3,5,6.2,1.3,8.5,11300,AuditoriumRoad,1.0202,41.1141,Low,train
552,Chemical,2709,2308,1,4,11.7,1.48,12.4,1975,SportsGround,1.1737,81.2952,Moderate,validation
351,Fire,5434,3341,2,1,10.3,1.37,15.1,6000,ExitGate,1.6265,22.9515,Moderate,train
127,Chemical,5031,4846,4,5,8.3,0.63,14.6,14472,SportsGround,1.0382,27.1437,Low,train
2556,Chemical,6318,1006,2,2,4.9,0.6,6.4,5847,AuditoriumRoad,6.2803,36.9282,High,train
2503,Other,6297,2034,4,1,5.4,0.82,11.5,1300,AuditoriumRoad,3.0959,13.7086,High,train
2931,Other,6205,4276,3,4,10.3,1.47,15.6,2193,Cafeteria,1.4511,87.8844,Moderate,train
2942,Other,13713,1300,2,5,4.9,0.8,7.7,4065,None,10.5485,206.7506,Critical,train
2642,Earthquake,3913,2357,2,3,3.4,1.61,15.3,1630,HostelBlock,1.6602,27.2638,High,test
115,Fire,10811,2313,1,4,11.1,0.89,9.3,2790,None,4.674,184.6978,High,train
1846,Flood,1956,2157,2,2,6.0,1.65,16.7,8296,MainGate,0.9068,17.9546,Moderate,train
2385,Other,6768,4993,4,4,9.1,0.97,4.3,15132,Cafeteria,1.3555,47.86,Low,train
888,Flood,6408,1624,1,3,11.4,0.9,6.3,13762,HostelBlock,3.9458,121.4517,Moderate,train
2934,Flood,7179,1129,4,3,4.3,1.39,5.1,6873,SportsGround,6.3587,114.0178,High,train
1292,Fire,9384,2742,3,1,5.7,1.24,14.5,9776,ExitGate,3.4223,24.1888,High,test
2047,Earthquake,4813,553,3,4,5.7,1.64,12.1,13442,ExitGate,8.7034,325.4375,High,train
2277,Flood,12560,3120,3,1,10.6,0.81,17.0,5884,ExitGate,4.0256,34.5638,High,train
1657,Chemical,13334,2960,3,1,10.3,1.22,17.2,4087,SportsGround,4.5047,56.6061,Critical,train
1992,Earthquake,14894,4045,4,4,5.1,0.6,18.3,6938,HostelBlock,3.6821,45.0689,High,train
1482,Other,1569,2011,1,2,6.6,0.98,15.3,7742,None,0.7802,10.0927,Low,train
2602,Fire,9971,4396,4,5,10.8,0.68,6.9,3004,AuditoriumRoad,2.2682,83.2883,Moderate,validation
2133,Earthquake,10222,3247,4,3,11.3,1.04,9.8,5391,HostelBlock,3.1481,110.9894,Moderate,train
2995,Fire,7242,3871,1,1,10.7,0.55,10.4,14515,MainGate,1.8708,11.0097,Moderate,train
1861,Flood,1166,1258,4,1,10.9,1.18,9.5,8520,LibraryJunction,0.9269,11.9218,Low,train
650,Flood,771,1346,1,1,7.9,0.83,10.0,15188,ExitGate,0.5728,3.7558,Moderate,validation
2020,Other,14821,4336,3,2,11.7,1.52,15.1,7673,AuditoriumRoad,3.4181,121.575,High,validation
228,Other,6687,678,3,1,9.6,1.25,2.8,6144,MainGate,9.8628,118.3536,High,train
516,Fire,11468,568,4,4,5.3,1.5,16.4,10281,SportsGround,20.1901,642.0452,Critical,train
2768,Flood,11337,4981,4,1,6.2,1.57,13.4,3850,HostelBlock,2.276,22.1546,High,train
1849,Chemical,10113,992,2,4,2.6,0.97,6.2,8925,HostelBlock,10.1946,102.8431,Critical,test
1223,Chemical,1505,3464,3,5,7.3,1.69,13.8,10415,SportsGround,0.4345,26.8021,Low,train
2190,Other,2872,2829,5,3,7.6,1.53,4.0,12505,ExitGate,1.0152,35.4142,Low,train
390,Flood,8399,2093,1,4,7.5,1.04,17.7,2970,LibraryJunction,4.0129,125.2025,High,train
1703,Fire,14277,4934,1,5,11.4,1.63,11.8,15349,AuditoriumRoad,2.8936,268.8444,Moderate,train
1428,Chemical,8766,2340,1,1,12.0,1.28,12.8,6440,SportsGround,3.7462,57.5416,High,test
2762,Chemical,4880,503,3,2,3.8,0.8,19.3,11164,ExitGate,9.7018,58.9869,Critical,train
457,Flood,12802,3818,5,2,11.1,1.22,11.8,9342,ExitGate,3.3531,90.8154,Moderate,validation
58,Flood,14182,3694,4,5,9.6,1.21,12.9,4113,ExitGate,3.8392,222.9807,High,validation
785,Other,1733,3363,2,3,4.2,0.72,11.2,4969,SportsGround,0.5153,4.6748,Low,test
1487,Fire,12063,1891,3,3,2.9,1.67,14.3,596,Cafeteria,6.3792,92.6834,Critical,test
361,Earthquake,14707,3539,4,3,4.3,0.56,9.9,4815,SportsGround,4.1557,30.0208,High,train
2323,Earthquake,14343,2739,4,4,6.7,1.43,3.7,9519,LibraryJunction,5.2366,200.6875,Moderate,train
220,Earthquake,13749,3821,4,5,5.6,1.02,3.7,2803,ExitGate,3.5983,102.7674,High,test
2248,Earthquake,1759,1841,1,5,8.1,1.36,7.2,5210,LibraryJunction,0.9555,52.6289,Low,validation
1938,Flood,1410,2956,2,1,8.1,1.48,15.0,6361,LibraryJunction,0.477,5.7183,Moderate,train
1968,Chemical,5746,4327,2,2,10.5,0.6,4.5,3671,LibraryJunction,1.3279,16.7315,Moderate,validation
204,Other,6235,636,3,1,11.8,1.26,16.3,12383,None,9.8035,145.7584,High,train
1096,Earthquake,13641,3882,4,1,11.4,1.52,11.1,4884,AuditoriumRoad,3.5139,60.8889,High,train
1095,Chemical,3671,3945,2,4,7.7,0.65,17.4,2538,HostelBlock,0.9305,18.6286,Moderate,train
607,Flood,3485,3128,2,3,5.1,0.91,9.9,2427,AuditoriumRoad,1.1141,15.5116,Moderate,train
1663,Fire,9053,1729,4,4,11.0,1.71,16.3,11925,LibraryJunction,5.236,393.9566,Moderate,train
1447,Flood,7266,2659,3,3,11.1,1.72,7.8,6350,MainGate,2.7326,156.5124,Moderate,train
2920,Fire,14984,4682,4,1,4.6,1.22,16.0,4290,None,3.2003,17.9601,High,train
875,Chemical,5031,927,4,4,3.4,1.48,6.2,10323,None,5.4272,109.2387,Moderate,train
1559,Earthquake,590,4686,3,1,4.6,0.74,8.0,8685,Cafeteria,0.1259,0.4286,Low,train
2257,Other,10190,2513,4,5,3.3,1.73,8.1,686,None,4.0549,115.7471,High,train
1915,Chemical,892,1910,3,5,8.3,0.55,12.6,11093,ExitGate,0.467,10.6593,Low,train
1866,Fire,7690,1018,2,2,6.7,1.43,5.9,9748,LibraryJunction,7.554,144.7497,High,validation
2305,Flood,14698,4889,4,3,7.1,1.06,17.8,8916,Cafeteria,3.0063,67.8762,High,validation
210,Earthquake,11749,2867,2,4,5.5,0.95,18.8,13531,AuditoriumRoad,4.098,85.6482,Moderate,validation
333,Fire,13636,2631,2,1,11.5,1.61,12.0,9513,SportsGround,5.1828,95.9595,High,train
1994,Chemical,12855,2702,5,4,2.9,1.3,8.6,9702,SportsGround,4.7576,71.7446,High,train
1054,Earthquake,2388,4382,1,1,11.2,0.97,17.3,13257,LibraryJunction,0.545,5.9209,Moderate,train
2822,Other,6128,674,3,4,8.9,1.05,15.7,5981,ExitGate,9.092,339.859,High,train
119,Fire,4720,3761,2,1,11.5,1.57,3.7,3975,None,1.255,22.659,Low,validation
2079,Earthquake,11502,3698,5,3,7.2,1.53,9.2,12167,AuditoriumRoad,3.1103,102.7892,Moderate,validation
269,Earthquake,5428,3762,3,4,11.7,1.52,7.9,5092,Cafeteria,1.4428,102.635,Low,train
879,Other,1191,861,2,3,8.1,1.17,13.7,6361,AuditoriumRoad,1.3833,39.3286,Low,train
1436,Flood,7507,2766,1,3,6.9,1.79,6.7,13503,LibraryJunction,2.714,100.5618,Moderate,train
2596,Earthquake,6055,970,1,4,6.1,0.83,3.9,3369,AuditoriumRoad,6.2423,126.4191,High,train
1966,Earthquake,3064,4711,3,2,3.7,1.22,15.5,8748,HostelBlock,0.6504,5.8718,Moderate,train
2011,Fire,6581,1093,5,3,2.6,0.59,16.2,15949,None,6.021,27.7086,Moderate,train
1833,Other,5444,1560,5,5,4.4,1.79,2.7,11039,HostelBlock,3.4897,137.4244,Moderate,train
2301,Earthquake,13271,4154,4,2,6.1,0.53,14.1,7392,HostelBlock,3.1948,20.6576,High,train
1948,Chemical,6119,4413,2,4,10.9,0.56,4.0,8273,MainGate,1.3866,33.8552,Low,train
465,Flood,8422,554,2,4,4.1,0.6,13.6,3965,LibraryJunction,15.2022,149.5896,Critical,validation
1802,Fire,8038,1845,2,1,2.6,1.61,9.8,6900,Cafeteria,4.3566,18.2367,High,train
898,Earthquake,4551,2415,1,3,11.1,0.88,11.0,9456,MainGate,1.8845,55.2234,Moderate,train
69,Flood,13728,4068,5,3,5.6,0.82,18.8,5069,ExitGate,3.3746,46.4885,High,test
143,Earthquake,5656,2315,2,1,7.3,0.65,11.2,15342,HostelBlock,2.4432,11.593,Moderate,train
355,Other,2987,3300,4,2,9.5,1.21,18.2,2025,HostelBlock,0.9052,20.8105,Moderate,test
2886,Chemical,732,3249,3,5,10.3,1.2,18.5,2548,Cafeteria,0.2253,13.9235,Low,test
2635,Fire,3451,903,4,5,11.9,0.65,13.3,6947,MainGate,3.8217,147.8042,Moderate,test
558,Fire,13604,867,2,2,9.0,0.7,15.1,1905,MainGate,15.6909,197.7053,Critical,train
2169,Flood,1871,4546,2,2,3.8,1.14,9.0,4670,SportsGround,0.4116,3.5661,Low,train
1261,Other,11715,2829,5,5,4.8,0.52,10.9,6949,HostelBlock,4.141,51.6797,High,test
1914,Earthquake,13643,1056,5,3,8.0,0.91,14.0,12095,MainGate,12.9195,282.1619,Critical,train
1848,Other,776,1213,3,2,6.8,1.3,19.1,2499,ExitGate,0.6397,11.3099,Low,train
1816,Chemical,11374,2178,3,1,6.3,1.19,18.7,15328,ExitGate,5.2222,39.1508,High,train
1748,Other,2902,3141,5,1,3.3,0.75,19.2,2109,ExitGate,0.9239,2.2867,High,test
2939,Earthquake,12933,3139,3,1,6.7,0.85,17.0,11978,LibraryJunction,4.1201,23.464,High,train
1672,Fire,6915,4066,1,5,9.4,0.89,14.8,15173,ExitGate,1.7007,71.1403,Moderate,train
626,Flood,390,1600,1,1,3.9,1.65,13.8,2724,MainGate,0.2437,1.5682,Moderate,train
2880,Fire,1484,1268,4,3,5.8,0.96,15.6,4103,ExitGate,1.1703,19.5487,Moderate,train
2320,Other,5415,1197,1,5,7.8,0.98,6.7,8712,LibraryJunction,4.5238,172.8996,Moderate,train
1160,Other,11425,4627,3,4,5.9,1.11,19.3,8057,None,2.4692,64.6832,Moderate,train
2427,Other,2712,1575,1,5,7.7,1.42,6.6,13572,HostelBlock,1.7219,94.1363,Low,train
1440,Other,2961,1804,3,1,3.6,1.26,18.4,11972,AuditoriumRoad,1.6414,7.4454,Moderate,validation
341,Other,9983,3112,2,1,11.0,1.51,3.1,8228,HostelBlock,3.2079,53.2832,Moderate,train
2198,Flood,13545,2257,4,4,11.1,0.61,8.1,2368,Cafeteria,6.0013,162.5392,High,train
1389,Flood,9616,3788,3,1,8.4,1.01,2.2,5781,Cafeteria,2.5385,21.5366,Moderate,train
322,Earthquake,13378,2328,5,1,11.6,0.59,10.4,5125,AuditoriumRoad,5.7466,39.3297,Critical,train
775,Earthquake,6893,1977,2,1,5.3,0.84,13.1,15365,SportsGround,3.4866,15.5223,Moderate,train
2716,Earthquake,10708,2543,2,1,5.8,1.64,3.4,4390,MainGate,4.2108,40.0531,High,train
2673,Fire,647,1756,4,4,7.1,0.63,3.4,5738,LibraryJunction,0.3685,6.5932,Low,train
1411,Fire,3184,2121,1,2,8.5,1.59,6.3,7000,HostelBlock,1.5012,40.5774,Low,train
620,Flood,10767,4549,1,1,4.6,0.68,12.5,12869,None,2.3669,7.4037,Moderate,train
2073,Other,1649,1462,3,2,4.9,1.52,14.0,15567,HostelBlock,1.1279,16.8012,Moderate,train
705,Fire,2553,1205,2,3,7.0,1.63,19.8,1583,Cafeteria,2.1187,72.5231,Moderate,train
990,Chemical,4744,3441,2,5,6.5,1.21,6.7,11145,LibraryJunction,1.3787,54.2174,Low,test
1893,Chemical,7633,2374,1,2,5.1,1.05,8.5,5851,HostelBlock,3.2152,34.4348,Moderate,train
621,Earthquake,7621,1722,5,3,6.2,1.25,5.5,11665,HostelBlock,4.4257,102.8975,Moderate,train
307,Earthquake,14289,4124,2,1,11.0,0.68,4.2,12460,Cafeteria,3.4648,25.9167,Moderate,test
1307,Chemical,213,4273,2,2,10.9,0.89,3.4,4369,SportsGround,0.0498,0.9662,Low,test
1041,Other,12817,2534,1,3,3.9,1.32,2.2,653,MainGate,5.058,78.1158,High,validation
1039,Other,1337,2038,2,1,6.6,1.09,13.6,7094,MainGate,0.656,4.7193,Moderate,train
1890,Flood,5723,1651,1,5,8.8,1.78,4.7,5197,Cafeteria,3.4664,271.4884,Moderate,train
2191,Other,1675,1416,4,5,6.7,1.57,9.3,10484,AuditoriumRoad,1.1829,62.2146,Low,train
630,Chemical,12163,1663,5,3,6.9,0.6,18.0,1949,SportsGround,7.3139,90.8386,Critical,test
107,Earthquake,6448,2443,5,3,8.0,1.79,7.3,14099,Cafeteria,2.6394,113.3886,Low,train
1947,Fire,9839,3287,3,3,10.1,0.56,4.2,2708,LibraryJunction,2.9933,50.7903,Moderate,train
988,Fire,2491,4144,5,4,9.1,1.18,19.7,6269,SportsGround,0.6011,25.8184,Low,train
1817,Fire,2990,4705,2,1,2.6,0.71,3.7,8553,LibraryJunction,0.6355,1.1731,Moderate,test
2565,Flood,10314,3580,5,2,5.0,1.07,18.5,10690,LibraryJunction,2.881,30.8267,Moderate,train
865,Fire,8293,4598,2,5,4.3,1.46,14.1,10379,LibraryJunction,1.8036,56.615,Moderate,train
406,Flood,6101,2880,3,4,9.5,0.62,15.6,1251,None,2.1184,49.9095,Moderate,train
2410,Earthquake,4779,766,3,5,7.9,0.54,6.1,15225,LibraryJunction,6.2389,133.0757,Moderate,test
2250,Other,7376,3536,2,5,11.2,0.98,16.0,8532,HostelBlock,2.086,114.4797,Moderate,train
2916,Chemical,11131,2864,4,1,5.4,1.52,17.9,3382,ExitGate,3.8865,31.9004,Critical,train
2434,Fire,13073,1156,5,4,4.1,0.71,5.3,6240,None,11.3088,131.6797,Critical,train
1670,Flood,4143,2224,4,2,9.2,0.55,3.1,14838,MainGate,1.8629,18.8525,Low,train
868,Flood,7286,3146,4,3,3.7,1.17,10.9,8974,None,2.316,30.0779,Moderate,train
1671,Chemical,7555,1382,2,2,9.4,0.87,8.0,5742,SportsGround,5.4667,89.4133,Moderate,test
2150,Fire,7378,4491,3,1,6.9,0.74,2.7,3905,HostelBlock,1.6428,8.3881,Moderate,train
1026,Earthquake,12009,4870,2,1,3.7,1.04,14.8,15107,HostelBlock,2.4659,9.4888,Moderate,test
1012,Fire,6664,1595,4,3,11.1,0.71,5.6,8352,AuditoriumRoad,4.1781,98.7828,Moderate,validation
1941,Flood,12495,2780,3,4,3.9,0.66,3.8,5708,None,4.4946,46.2764,High,validation
2753,Chemical,531,2789,2,5,6.6,0.74,17.9,10612,MainGate,0.1904,4.6496,Low,train
2286,Flood,13965,2467,5,1,3.1,1.13,13.1,2118,LibraryJunction,5.6607,19.8294,Critical,train
1678,Earthquake,5724,3555,1,1,7.1,1.57,11.0,3958,LibraryJunction,1.6101,17.9478,Moderate,train
311,Fire,6537,1581,5,4,6.0,1.39,15.7,13121,MainGate,4.1347,137.9336,Moderate,validation
871,Chemical,13439,4038,1,5,10.1,1.72,17.1,4549,MainGate,3.3281,289.0788,High,train
404,Fire,408,522,1,1,10.4,1.37,4.7,1975,MainGate,0.7816,11.1362,Low,train
2452,Other,5858,2700,4,3,10.1,1.15,9.0,4686,ExitGate,2.1696,75.5997,Moderate,test
2952,Earthquake,5951,3869,1,1,8.8,1.17,13.8,6010,Cafeteria,1.5381,15.8363,Moderate,train
2154,Fire,3731,1383,2,1,4.7,0.79,6.6,8175,ExitGate,2.6978,10.0169,Moderate,validation
1301,Earthquake,14443,3439,1,2,6.5,0.94,13.7,2141,LibraryJunction,4.1998,51.3216,High,test
869,Flood,4753,884,4,5,6.8,0.51,5.5,1840,None,5.3767,93.232,High,train
1279,Chemical,7990,1850,1,3,3.2,1.76,4.5,13725,ExitGate,4.3189,72.9721,Moderate,train
2322,Earthquake,12695,3153,2,3,6.4,0.54,7.8,15957,AuditoriumRoad,4.0263,41.7447,Moderate,train
1917,Chemical,1872,2897,4,4,11.6,0.69,10.7,1304,ExitGate,0.6462,20.6887,Moderate,train
1972,Earthquake,10932,603,5,1,10.1,0.59,16.1,4545,None,18.1294,108.0331,Critical,train
1004,Chemical,2961,4175,5,2,4.2,0.98,4.4,6288,None,0.7092,5.8381,Low,train
738,Other,14694,2982,2,4,6.6,0.91,9.0,13017,MainGate,4.9276,118.3807,Moderate,train
1346,Flood,7759,1948,5,1,10.1,1.59,17.7,15391,LibraryJunction,3.9831,63.9646,Moderate,train
1749,Other,1137,3543,5,1,9.3,1.78,7.6,11512,MainGate,0.3209,5.3122,Low,train
1493,Earthquake,6848,2204,4,4,6.9,1.09,19.1,8094,HostelBlock,3.1071,93.474,Moderate,test
1705,Other,1745,1063,5,1,3.5,1.12,10.4,6416,Cafeteria,1.6416,6.4351,Moderate,train
653,Other,6080,4885,3,3,6.3,1.32,19.3,1985,HostelBlock,1.2446,31.0503,High,train
185,Chemical,10226,1563,1,1,5.4,1.8,14.9,9112,Cafeteria,6.5425,63.5931,Critical,train
1373,Earthquake,7962,4730,5,4,9.9,0.85,18.8,8232,AuditoriumRoad,1.6833,56.6599,Moderate,train
1225,Flood,13239,2632,3,3,5.5,0.61,9.6,2931,ExitGate,5.03,50.627,High,train
1597,Other,13327,4435,2,2,8.8,1.12,5.9,3324,Cafeteria,3.005,59.2346,Moderate,train
1769,Other,13417,2317,2,1,3.4,1.42,10.2,8142,MainGate,5.7907,27.9575,Critical,train
1959,Fire,6773,3044,2,3,8.3,1.01,3.9,3397,AuditoriumRoad,2.225,55.9565,Moderate,train
1304,Flood,12703,2419,5,1,6.5,1.51,19.2,7065,None,5.2513,51.5415,High,test
989,Other,4084,866,1,2,3.8,1.61,5.9,2698,SportsGround,4.7159,57.7038,High,validation
1608,Chemical,13343,1640,3,2,9.0,0.97,11.8,5761,SportsGround,8.136,142.0546,Critical,train
1323,Earthquake,4273,3745,2,1,7.6,0.66,4.6,8584,Cafeteria,1.141,5.7233,Low,train
737,Flood,14619,4025,1,4,6.8,1.61,10.0,1089,None,3.632,159.0525,High,validation
327,Other,3992,859,5,4,9.2,0.98,19.5,1891,MainGate,4.6473,167.6002,High,train
774,Chemical,6459,4548,2,4,10.6,1.28,19.9,5136,SportsGround,1.4202,77.0771,Moderate,train
2054,Fire,9522,3063,4,4,4.1,1.4,8.9,8966,None,3.1087,71.3758,Moderate,train
1236,Other,1772,1655,2,5,10.5,1.48,2.5,15287,None,1.0707,83.1934,Low,train
958,Earthquake,620,1637,5,1,10.8,0.86,14.6,13853,SportsGround,0.3787,3.5174,Low,train
1481,Chemical,3489,4579,2,5,12.0,1.11,4.0,4246,None,0.762,50.7492,Low,train
1554,Other,6707,1844,2,2,7.6,1.69,15.4,5110,AuditoriumRoad,3.6372,93.4324,Moderate,train
540,Other,12230,833,1,3,3.2,0.78,11.4,2158,SportsGround,14.6819,109.9381,Critical,validation
798,Fire,12793,1169,5,1,3.6,1.36,5.2,3485,Cafeteria,10.9435,53.5794,Critical,train
1993,Chemical,11815,1208,1,2,11.9,0.5,10.0,5807,MainGate,9.7806,116.3891,Critical,validation
2379,Other,13748,1000,5,4,3.7,1.0,6.7,11187,ExitGate,13.748,203.4704,Critical,train
2568,Earthquake,5064,2240,4,1,8.2,1.18,18.0,648,ExitGate,2.2607,21.8745,High,test
2117,Fire,8017,993,1,2,2.7,0.72,19.6,11422,None,8.0735,31.3898,High,train
411,Earthquake,2050,4498,4,4,2.9,0.84,7.7,12043,SportsGround,0.4558,4.4413,Low,train
1562,Fire,6449,4145,5,2,3.4,0.98,13.6,7433,HostelBlock,1.5559,10.3685,Moderate,train
2139,Other,2314,4149,1,2,3.6,1.12,2.8,5854,AuditoriumRoad,0.5577,4.4973,Low,validation
1781,Fire,7223,3739,4,1,7.4,0.62,15.4,7488,None,1.9318,8.8631,Moderate,train
2733,Fire,2127,2869,3,4,7.8,0.55,15.7,9088,SportsGround,0.7414,12.7224,Low,validation
2064,Fire,7730,4243,3,4,11.1,0.62,11.7,2663,MainGate,1.8218,50.1505,Moderate,train
1015,Flood,7239,3302,5,1,6.6,0.88,10.7,12966,Cafeteria,2.1923,12.7329,Moderate,train
2297,Chemical,8326,1416,1,5,4.1,1.55,19.4,8265,None,5.8799,186.8338,High,test
1924,Other,6737,4977,3,3,7.6,0.71,4.2,14920,HostelBlock,1.3536,21.9121,Low,train
2745,Other,3803,3430,1,5,5.2,1.12,9.2,10556,LibraryJunction,1.1087,32.2853,Moderate,train
814,Earthquake,723,4624,1,3,6.6,1.3,4.2,4171,ExitGate,0.1564,4.0257,Low,train
1385,Earthquake,465,3559,5,4,12.0,1.75,17.7,5858,ExitGate,0.1307,10.9788,Low,train
2429,Other,3623,2124,2,2,8.1,1.78,9.7,2060,HostelBlock,1.7057,49.1856,Moderate,train
1080,Flood,3683,4483,4,1,5.1,0.55,4.8,8199,LibraryJunction,0.8215,2.3043,Low,train
538,Chemical,3816,3501,5,1,2.6,1.7,13.8,15710,MainGate,1.09,4.8178,Moderate,train
80,Other,7581,3616,4,3,10.7,1.79,7.5,10674,None,2.0965,120.4628,Low,test
2366,Fire,1099,3136,1,4,11.0,1.57,9.0,572,ExitGate,0.3504,24.2056,Moderate,train
325,Chemical,4017,695,5,3,8.5,1.4,2.2,5988,None,5.7799,206.3424,Low,train
133,Fire,10177,715,3,1,4.2,1.41,7.6,6067,HostelBlock,14.2336,84.2914,Critical,train
1068,Earthquake,1854,4625,5,2,2.7,1.53,10.6,14734,None,0.4009,3.3122,Low,train
2263,Chemical,14217,1327,5,1,2.9,0.93,17.8,5404,SportsGround,10.7136,28.8946,Critical,validation
622,Earthquake,7322,2994,3,1,8.0,1.29,11.2,14387,LibraryJunction,2.4456,25.2386,Moderate,train
1773,Other,3619,2014,1,1,8.1,0.93,9.5,9506,LibraryJunction,1.7969,13.536,Moderate,validation
2332,Fire,1324,3999,3,1,3.7,1.35,6.8,9222,HostelBlock,0.3311,1.6538,Moderate,test
517,Chemical,6321,4990,2,4,10.9,1.07,6.5,12213,Cafeteria,1.2667,59.0941,Low,train
2203,Chemical,8763,4909,1,3,4.8,0.6,4.3,10440,ExitGate,1.7851,15.4233,Moderate,train
2637,Flood,7185,3425,5,3,5.0,1.77,12.3,5307,None,2.0978,55.6966,Moderate,train
1308,Earthquake,12064,1238,2,2,9.0,1.6,8.7,8320,LibraryJunction,9.7447,280.6474,High,train
7,Other,4754,3613,4,3,4.0,0.96,14.1,11998,MainGate,1.3158,15.158,Moderate,train
838,Flood,658,4480,2,2,9.9,1.05,18.9,5499,AuditoriumRoad,0.1469,3.0541,Low,train
1538,Fire,1296,2679,4,4,9.9,1.53,7.0,2844,HostelBlock,0.4838,29.3125,Low,train
1108,Other,282,4976,2,5,9.5,1.7,5.5,984,None,0.0567,4.5785,Low,train
253,Fire,11623,2492,2,3,9.0,1.6,13.8,14561,None,4.6641,201.4891,Moderate,train
1537,Other,14629,4685,1,4,9.6,1.31,3.5,8543,ExitGate,3.1225,157.0742,Moderate,train
489,Chemical,9426,3589,4,2,9.7,1.75,10.3,8048,None,2.6264,89.1663,Low,train
1970,Chemical,14964,4091,4,2,4.8,0.88,13.5,12661,LibraryJunction,3.6578,30.9011,Moderate,train
1699,Fire,11092,2959,2,3,10.2,1.8,7.1,14422,Cafeteria,3.7486,206.4729,Moderate,test
807,Flood,6748,4493,4,5,8.1,1.29,14.2,13880,ExitGate,1.5019,78.4668,Low,train
1737,Flood,775,3568,5,2,9.0,1.66,4.0,13024,LibraryJunction,0.2172,6.4899,Low,train
2136,Flood,9619,2354,3,4,5.0,1.18,14.2,11270,LibraryJunction,4.0862,96.4343,Moderate,train
2710,Chemical,6461,4952,1,1,5.6,1.12,17.4,14979,MainGate,1.3047,8.1831,Moderate,train
2738,Other,11237,704,2,4,7.8,1.51,14.0,2094,SportsGround,15.9616,751.9829,Critical,validation
704,Flood,12349,4139,4,4,5.2,1.55,19.5,7444,Cafeteria,2.9836,96.1913,High,validation
384,Flood,8675,1728,2,1,10.2,1.54,12.8,11322,HostelBlock,5.0203,78.8589,Moderate,train
2505,Chemical,6793,1532,1,1,2.5,0.59,7.4,11188,ExitGate,4.4341,6.5403,High,train
2151,Chemical,3941,1771,5,3,11.5,0.71,16.7,10486,AuditoriumRoad,2.2253,54.5087,Moderate,train
1962,Earthquake,3032,1148,5,5,10.9,0.97,18.8,15200,None,2.6411,139.6218,Low,validation
10,Other,6682,4589,4,2,5.0,0.82,12.1,4804,Cafeteria,1.4561,11.94,Moderate,test
534,Flood,10353,653,3,5,4.8,1.44,13.8,9330,Cafeteria,15.8545,547.9315,Critical,validation
1795,Earthquake,12476,1924,2,3,7.8,1.79,6.1,10440,SportsGround,6.4844,271.6056,High,train
2639,Earthquake,12625,2291,4,5,8.8,1.63,8.4,15981,ExitGate,5.5107,395.2274,Moderate,test
820,Flood,11917,3550,4,3,8.5,0.82,15.6,9177,Cafeteria,3.3569,70.1928,Moderate,train
1623,Other,8376,669,5,5,6.2,1.07,5.7,2867,MainGate,12.5202,415.295,Critical,validation
1352,Earthquake,14932,4253,4,2,9.7,0.95,14.4,5917,ExitGate,3.5109,64.7059,High,train
1372,Earthquake,5504,1766,2,2,9.8,1.52,17.3,10496,LibraryJunction,3.1166,92.8497,Moderate,train
1221,Earthquake,11000,4369,5,5,6.7,0.85,17.0,5301,SportsGround,2.5177,71.6915,High,train
701,Chemical,1569,684,5,4,8.9,1.74,19.6,6962,SportsGround,2.2939,142.0933,Moderate,train
56,Flood,6475,2394,2,2,3.1,1.03,11.8,7312,None,2.7047,17.2722,Moderate,train
70,Earthquake,9536,4306,5,4,5.7,1.14,7.9,8488,SportsGround,2.2146,57.5619,Moderate,train
99,Chemical,8817,1316,4,1,9.4,1.03,13.8,3029,MainGate,6.6998,64.8675,Critical,train
882,Chemical,3302,3297,4,4,8.2,0.93,12.4,5999,AuditoriumRoad,1.0015,30.5498,Low,train
1928,Chemical,14797,4685,4,5,5.1,0.71,14.1,9669,LibraryJunction,3.1584,57.1828,Moderate,validation
1263,Flood,10731,1392,3,3,3.9,1.32,3.5,9689,LibraryJunction,7.7091,119.0593,High,train
2747,Fire,4820,4854,2,2,9.6,1.67,5.1,5439,None,0.993,31.8396,Low,train
756,Fire,1106,663,1,3,8.2,1.63,18.2,7168,HostelBlock,1.6682,66.8915,Moderate,validation
2247,Earthquake,8920,895,5,5,5.7,0.8,2.3,15342,SportsGround,9.9665,227.2362,High,validation
2415,Fire,2366,3995,1,5,2.8,1.23,15.3,11069,SportsGround,0.5922,10.1977,Moderate,validation
1878,Flood,3225,3427,2,5,6.2,0.58,17.1,12797,None,0.9411,16.921,Low,train
2210,Earthquake,8136,3746,1,5,2.5,1.52,10.2,11739,ExitGate,2.1719,41.2661,Moderate,train
1777,Chemical,4988,4917,2,2,6.3,1.12,17.1,10110,LibraryJunction,1.0144,14.3152,Moderate,test
2530,Flood,11821,4082,5,2,10.7,1.44,8.2,7340,LibraryJunction,2.8959,89.2401,Moderate,train
2638,Chemical,12088,3967,4,3,10.2,0.59,5.9,2707,HostelBlock,3.0471,55.0123,Moderate,test
1042,Earthquake,14170,3272,1,2,3.8,1.49,18.1,13860,LibraryJunction,4.3307,49.0408,High,test
2571,Flood,13120,3722,3,2,4.5,0.7,15.9,7586,LibraryJunction,3.525,22.2075,High,train
1782,Fire,14533,2080,1,5,10.9,0.97,9.2,10452,MainGate,6.987,369.3678,High,validation
1523,Fire,12558,2805,2,1,3.1,1.14,18.2,1489,Cafeteria,4.477,15.8217,Critical,train
2267,Flood,10568,3504,3,4,8.8,0.61,8.0,6821,Cafeteria,3.016,64.7596,Moderate,test
2840,Flood,11960,3346,2,1,11.9,1.62,3.6,6215,SportsGround,3.5744,68.9073,High,test
595,Fire,12282,1466,2,5,12.0,1.04,8.0,9681,SportsGround,8.3779,522.781,High,train
1683,Chemical,270,2673,5,2,2.9,1.74,10.1,7004,None,0.101,1.0193,Low,train
1642,Earthquake,2531,2502,1,2,11.1,0.83,9.2,12179,ExitGate,1.0116,18.6397,Low,train
2275,Earthquake,13212,3096,2,1,8.0,1.25,2.8,8614,Cafeteria,4.2674,42.674,Moderate,test
2077,Flood,14764,2029,3,1,6.0,0.81,6.4,3814,None,7.2765,35.3638,Critical,train
2997,Other,9501,4611,5,4,10.4,1.79,3.6,2167,HostelBlock,2.0605,153.4331,Moderate,validation
1052,Fire,7059,3639,5,4,7.6,1.14,11.7,4270,Cafeteria,1.9398,67.2257,Moderate,validation
2302,Flood,3880,1273,2,4,6.4,1.35,12.8,5416,None,3.0479,105.3354,Low,validation
20,Flood,8623,1080,2,3,8.9,0.78,4.4,15827,ExitGate,7.9843,166.281,Moderate,train
2491,Flood,9975,3840,1,5,3.4,1.7,19.2,8012,HostelBlock,2.5977,75.0735,High,train
816,Other,13290,4086,4,1,11.8,1.52,13.0,14563,MainGate,3.2526,58.3386,Moderate,train
2516,Flood,5928,4565,1,2,6.5,1.48,15.7,3438,None,1.2986,24.9851,Moderate,test
2612,Other,2807,3942,2,2,4.1,1.66,2.6,11032,HostelBlock,0.7121,9.6931,Low,validation
906,Chemical,9499,690,1,2,4.0,1.74,7.9,10819,Cafeteria,13.7667,191.6325,Critical,train
691,Chemical,561,1015,2,5,8.6,1.04,8.2,11084,HostelBlock,0.5527,24.7167,Low,train
1743,Flood,3145,4743,5,2,10.1,0.81,2.9,14562,MainGate,0.6631,10.8496,Low,train
1071,Other,6103,2882,5,4,2.9,1.43,14.3,4417,SportsGround,2.1176,35.1267,Moderate,train
968,Chemical,2287,3512,3,4,8.0,0.5,3.1,9275,SportsGround,0.6512,10.4192,Low,train
996,Chemical,5916,4833,5,3,7.7,1.29,18.1,3297,HostelBlock,1.2241,36.477,Moderate,train
2941,Earthquake,13489,3824,1,1,9.1,1.01,12.3,4778,HostelBlock,3.5275,32.4213,High,train
668,Chemical,4728,2204,1,2,3.6,0.69,17.2,15433,ExitGate,2.1452,10.6574,Moderate,test
2728,Other,2493,1821,2,2,7.7,0.74,12.0,5151,None,1.369,15.6011,Low,train
2557,Chemical,1127,2673,4,3,9.5,0.97,3.7,13798,HostelBlock,0.4216,11.6551,Low,train
2432,Chemical,11842,4081,4,2,6.3,0.72,15.3,4860,Cafeteria,2.9017,26.3242,High,train
2189,Fire,11912,1654,4,2,4.2,0.75,2.3,11807,MainGate,7.2019,45.372,High,train
2194,Flood,3368,3257,5,4,4.3,0.63,7.8,1260,HostelBlock,1.0341,11.2055,Moderate,train
2609,Fire,8925,2840,4,4,5.9,0.97,19.1,11252,AuditoriumRoad,3.1426,71.9404,Moderate,train
303,Fire,217,1279,2,4,3.2,1.27,11.3,7791,None,0.1697,2.7586,Low,train
2266,Fire,4164,3393,5,1,9.2,1.31,11.8,14816,Cafeteria,1.2272,14.7902,Moderate,validation
1388,Fire,7593,4315,2,3,3.2,1.34,8.1,9146,Cafeteria,1.7597,22.6368,Moderate,train
1594,Fire,6316,4972,5,3,7.0,1.76,13.8,10037,Cafeteria,1.2703,46.9503,Low,test
1891,Fire,13962,640,5,2,9.2,0.98,19.4,12322,Cafeteria,21.8156,393.3789,Critical,train
659,Earthquake,7920,656,5,1,4.8,1.34,2.3,10865,None,12.0732,77.6548,Critical,train
235,Flood,7391,3795,2,5,4.6,1.62,3.0,8755,AuditoriumRoad,1.9476,72.5676,Moderate,test
707,Chemical,13836,2023,4,3,7.8,0.55,16.9,14173,AuditoriumRoad,6.8393,88.0218,High,train
1463,Fire,9007,817,1,3,11.4,0.64,14.3,10168,LibraryJunction,11.0245,241.3043,Critical,train
2107,Earthquake,2520,1751,2,5,2.7,0.64,12.9,4657,LibraryJunction,1.4392,12.4347,Moderate,train
2171,Fire,11424,3125,3,5,10.9,1.0,19.2,15389,SportsGround,3.6557,199.2356,Moderate,train
275,Chemical,1935,4026,1,1,5.0,1.16,11.3,10011,SportsGround,0.4806,2.7875,Moderate,train
2021,Fire,5727,2482,2,4,7.5,1.03,6.9,9440,Cafeteria,2.3074,71.2987,Low,train
2014,Fire,3470,1615,1,1,6.9,1.55,12.7,11649,None,2.1486,22.9793,Moderate,train
1457,Earthquake,11610,3623,4,2,10.5,0.74,7.6,3406,Cafeteria,3.2045,49.7979,Moderate,train
1381,Other,9863,1732,3,5,4.4,0.61,6.4,9883,AuditoriumRoad,5.6946,76.4215,Moderate,validation
1734,Flood,3019,2077,2,2,9.5,1.45,5.5,3925,SportsGround,1.4535,40.0439,Low,train
1380,Flood,2019,2828,4,2,10.9,0.6,19.6,12500,Cafeteria,0.7139,9.3378,Low,train
122,Flood,11030,1400,1,2,2.6,1.53,6.3,5804,None,7.8786,62.6821,Critical,train
2928,Other,2235,4516,1,3,7.7,1.03,8.0,7340,HostelBlock,0.4949,11.7752,Low,test
719,Fire,5236,2356,2,2,3.7,0.6,14.4,13345,MainGate,2.2224,9.8675,Moderate,train
2100,Fire,2968,1715,2,4,4.7,1.3,18.1,10385,LibraryJunction,1.7306,42.2959,Moderate,train
403,Flood,5039,3856,2,1,7.7,1.68,14.4,8375,HostelBlock,1.3068,16.9048,Moderate,train
2734,Flood,9054,1545,1,1,2.7,0.89,13.2,15409,HostelBlock,5.8602,14.0821,High,train
2670,Flood,13667,4004,5,2,4.8,1.55,3.3,15934,AuditoriumRoad,3.4133,50.7899,Moderate,test
1897,Earthquake,6955,683,2,2,3.7,0.87,13.7,15263,MainGate,10.183,65.5582,Critical,train
2680,Fire,7215,4126,1,2,5.0,1.17,9.7,4884,LibraryJunction,1.7487,20.4598,Moderate,train
2502,Chemical,12512,3126,5,4,10.7,1.02,11.3,12134,ExitGate,4.0026,174.7375,Moderate,train
1982,Flood,4587,1933,2,2,10.4,1.34,12.7,3166,SportsGround,2.373,66.1403,Moderate,train
132,Chemical,3874,4450,1,3,10.5,0.98,15.7,9906,SportsGround,0.8706,26.8754,Low,train
1475,Other,13742,3694,2,3,11.2,1.02,4.8,10309,SportsGround,3.7201,127.4953,Moderate,train
1693,Flood,5773,744,4,4,3.5,1.17,16.6,3979,LibraryJunction,7.7594,127.099,Critical,train
2790,Flood,14803,901,5,3,7.3,0.85,9.0,4647,SportsGround,16.4295,305.8351,Critical,test
289,Other,4929,4904,2,4,7.9,1.5,10.9,8869,MainGate,1.0051,47.6417,Low,train
1156,Chemical,4964,1161,2,1,7.0,0.96,16.6,10937,Cafeteria,4.2756,28.732,Moderate,test
2393,Earthquake,10870,3539,4,4,8.3,1.76,3.9,3193,None,3.0715,179.4739,Moderate,train
529,Chemical,12644,3272,1,1,5.9,0.7,11.7,2259,LibraryJunction,3.8643,15.9596,Critical,test
2689,Flood,3879,4981,3,3,4.5,1.36,9.4,5882,Cafeteria,0.7788,14.2988,Low,test
1492,Earthquake,897,1679,4,4,9.3,1.2,6.1,7090,LibraryJunction,0.5342,23.8467,Low,validation
1403,Fire,10445,3806,3,3,8.4,0.54,2.5,966,ExitGate,2.7444,37.3458,Moderate,train
2433,Earthquake,10988,1526,5,2,5.9,1.7,17.5,10947,HostelBlock,7.2005,144.442,High,train
2046,Flood,4180,2574,1,2,10.9,0.65,8.9,7775,SportsGround,1.6239,23.0107,Low,train
2051,Fire,3897,1827,5,1,4.2,1.06,19.2,2121,LibraryJunction,2.133,9.4961,High,train
1374,Chemical,5217,1687,3,3,10.4,0.91,7.5,9728,Cafeteria,3.0925,87.8023,Low,train
2819,Flood,8785,3593,2,2,5.2,0.85,2.3,12188,HostelBlock,2.445,21.6138,Low,train
721,Other,4345,1474,1,1,5.4,0.51,3.7,2528,SportsGround,2.9478,8.1182,High,train
1008,Chemical,5929,542,2,4,5.9,0.63,10.9,1888,LibraryJunction,10.9391,162.6425,Critical,train
2533,Chemical,9061,1259,3,2,3.2,0.76,17.4,2879,Cafeteria,7.197,35.0062,Critical,train
2105,Other,11768,1998,1,4,8.8,1.59,9.8,12090,AuditoriumRoad,5.8899,329.6459,High,validation
1533,Earthquake,10220,4014,1,5,3.7,0.87,15.0,13723,LibraryJunction,2.5461,40.9795,Moderate,train
1273,Fire,1298,4354,1,3,9.2,0.76,3.7,8013,HostelBlock,0.2981,6.2529,Low,validation
1297,Chemical,7567,4784,2,1,11.5,1.26,4.8,9817,SportsGround,1.5817,22.9188,Low,test
2584,Flood,10291,3199,3,5,11.4,0.8,2.3,11965,MainGate,3.2169,146.6906,Low,validation
2854,Other,11970,535,5,2,5.0,1.27,13.5,9066,ExitGate,22.3738,284.1473,Critical,train
1316,Chemical,5426,1817,2,5,7.3,1.39,2.2,11212,Cafeteria,2.9862,151.5049,Low,train
2958,Flood,10441,1035,5,2,8.3,0.52,13.2,4276,AuditoriumRoad,10.0879,87.0788,Critical,train
1717,Earthquake,1206,1799,1,4,7.5,0.76,4.0,5205,LibraryJunction,0.6704,15.2851,Low,train
618,Chemical,3035,2434,1,5,10.4,0.65,12.7,5830,MainGate,1.2469,42.1452,Low,train
648,Flood,1184,3225,3,3,4.2,0.59,19.6,3787,Cafeteria,0.3671,2.729,Moderate,train
681,Fire,12845,4299,2,4,4.3,1.63,13.3,12032,None,2.9879,83.7688,Moderate,test
308,Fire,5352,4017,2,2,5.1,0.61,12.0,10330,AuditoriumRoad,1.3323,8.2896,Low,train
744,Other,14968,4716,4,3,2.7,1.11,2.4,5685,Cafeteria,3.1739,28.5365,High,validation
1945,Other,10399,3174,2,4,8.5,1.73,11.8,10600,SportsGround,3.2763,192.712,Moderate,validation
2333,Earthquake,12249,4577,4,4,9.6,0.79,16.7,15101,AuditoriumRoad,2.6762,81.1852,Moderate,train
2381,Fire,5057,4123,1,3,7.3,0.92,10.3,3466,Cafeteria,1.2265,24.7115,Moderate,validation
295,Chemical,1171,3871,3,2,9.2,0.67,4.6,5777,SportsGround,0.3025,3.7292,Low,test
963,Fire,8099,1447,5,2,4.8,0.72,19.0,11967,MainGate,5.5971,38.6872,High,train
1851,Other,7007,4648,4,5,6.7,0.89,5.0,8572,HostelBlock,1.5075,44.9461,Low,train
65,Fire,9681,1385,1,3,8.0,1.68,8.8,15925,SportsGround,6.9899,281.8328,High,train
1145,Other,2941,4621,2,1,3.4,1.55,8.0,8539,HostelBlock,0.6364,3.3538,Moderate,train
1929,Fire,9679,3712,4,1,5.0,1.27,6.1,2431,AuditoriumRoad,2.6075,16.5576,High,train
2097,Other,13407,4834,1,4,11.9,1.68,5.6,3745,Cafeteria,2.7735,221.7912,High,validation
2597,Flood,1325,2630,5,5,8.3,1.71,2.1,13634,SportsGround,0.5038,35.7522,Low,train
808,Chemical,8855,997,1,4,8.0,1.22,6.8,11121,Cafeteria,8.8816,346.7377,High,test
2243,Flood,8107,2354,5,1,3.5,1.23,3.9,7460,ExitGate,3.4439,14.826,Moderate,train
825,Earthquake,11673,1703,4,4,8.6,1.65,13.2,10628,ExitGate,6.8544,389.0557,High,train
1585,Fire,1755,3863,1,2,8.1,1.38,2.5,8795,ExitGate,0.4543,10.1563,Low,train
1631,Earthquake,10373,1255,1,5,8.7,1.52,19.2,15925,LibraryJunction,8.2653,546.5016,High,train
2991,Earthquake,7855,3950,3,1,5.4,1.08,5.6,1946,MainGate,1.9886,11.5975,High,test
2833,Fire,4041,2123,3,4,10.5,1.68,8.9,12177,SportsGround,1.9034,134.3039,Low,validation
2155,Chemical,11182,1506,4,4,6.0,1.56,9.9,7493,LibraryJunction,7.425,277.992,High,test
2885,Earthquake,13144,665,2,5,8.2,1.73,9.8,8594,None,19.7654,1401.9598,Critical,train
1887,Chemical,4274,4085,2,5,9.6,0.78,7.3,3653,Cafeteria,1.0463,39.1735,Low,validation
1707,Chemical,10535,1350,1,4,4.6,1.42,5.0,13970,SportsGround,7.8037,203.8951,High,train
1803,Fire,2113,951,4,5,4.4,0.61,5.5,10525,HostelBlock,2.2219,29.8179,Low,train
2283,Flood,5912,1591,3,2,11.7,1.7,3.2,14383,LibraryJunction,3.7159,147.8185,Low,train
2240,Other,13724,2463,5,5,11.8,1.06,2.7,8273,LibraryJunction,5.5721,348.4791,Moderate,train
178,Other,770,4089,2,1,4.7,1.34,8.5,9793,None,0.1883,1.1859,Low,train
1942,Fire,4682,2868,1,5,6.5,1.6,10.5,12629,ExitGate,1.6325,84.89,Moderate,train
1361,Earthquake,14070,4880,5,1,11.7,0.57,12.2,4562,SportsGround,2.8832,19.2281,High,train
762,Other,9255,2572,4,3,8.6,1.41,18.3,11727,MainGate,3.5984,130.9026,Moderate,train
192,Earthquake,5073,3826,4,1,9.0,0.71,9.5,8109,SportsGround,1.3259,8.4725,Low,train
1662,Fire,5706,1850,2,5,5.6,0.99,3.5,1845,MainGate,3.0843,85.4968,High,train
2138,Other,10727,4867,5,5,10.7,0.85,6.5,2197,None,2.204,100.2269,Moderate,validation
1792,Flood,9462,3206,1,3,2.7,1.15,7.6,10638,SportsGround,2.9513,27.4914,Moderate,test
596,Fire,11505,2148,3,3,10.0,0.9,11.1,5807,None,5.3561,144.6147,High,train
2878,Fire,8324,3477,2,5,4.3,1.43,8.3,5293,HostelBlock,2.394,73.6035,Moderate,validation
149,Other,8414,4396,2,1,6.8,1.55,17.1,12203,MainGate,1.914,20.1736,Moderate,train
845,Fire,2170,652,5,2,11.6,0.86,5.7,14093,ExitGate,3.3282,66.4042,Low,train
2729,Fire,7917,2775,3,2,7.5,0.97,12.9,10256,AuditoriumRoad,2.853,41.5112,Moderate,train
1455,Flood,8879,1021,4,2,9.5,0.82,12.8,12932,LibraryJunction,8.6964,135.4899,High,test
2797,Fire,4817,1001,1,3,4.8,0.95,8.9,8838,HostelBlock,4.8122,65.8309,Moderate,validation
1801,Fire,2640,4935,2,5,10.1,0.9,11.2,10757,None,0.535,24.3158,Low,validation
2300,Earthquake,12575,2710,1,2,11.6,1.69,14.0,778,AuditoriumRoad,4.6402,181.933,High,train
2706,Fire,10950,3052,2,1,3.9,1.23,17.9,14479,Cafeteria,3.5878,17.2107,High,validation
2103,Fire,13109,4578,1,5,10.2,1.58,5.6,1132,MainGate,2.8635,230.7408,High,train
1055,Flood,2561,4271,5,4,4.8,1.58,3.0,2757,MainGate,0.5996,18.1895,Low,train
254,Chemical,6413,3820,4,5,7.0,1.33,14.7,1854,ExitGate,1.6788,78.1481,High,validation
2506,Earthquake,13963,1702,5,1,11.6,0.9,13.7,4216,None,8.2039,85.6487,Critical,train
566,Other,8412,2434,3,1,8.4,1.64,18.0,13850,None,3.456,47.6099,Moderate,validation
2862,Earthquake,1014,2594,4,5,11.1,1.53,8.5,5479,AuditoriumRoad,0.3909,33.1933,Low,validation
43,Other,9712,1962,3,1,3.5,1.06,15.1,5639,Cafeteria,4.9501,18.3649,Critical,train
929,Earthquake,10028,1276,3,4,8.9,1.76,14.5,5940,LibraryJunction,7.8589,492.4072,High,train
1969,Chemical,12811,2838,5,5,9.8,1.45,10.8,15902,MainGate,4.5141,320.7268,Moderate,test
509,Fire,12123,1524,2,3,11.4,1.41,3.4,3234,Cafeteria,7.9547,383.5915,High,test
1774,Other,414,4791,2,4,5.7,1.33,11.0,12448,AuditoriumRoad,0.0864,2.62,Low,train
2440,Flood,1017,1113,1,5,4.6,0.98,5.6,10644,LibraryJunction,0.9137,20.5948,Low,validation
459,Chemical,8427,3480,1,2,10.6,1.55,13.1,3217,LibraryJunction,2.4216,79.5738,High,train
2402,Other,2760,998,3,5,9.4,1.56,11.9,2281,SportsGround,2.7655,202.7665,Moderate,train
1933,Chemical,4273,4979,3,5,6.6,0.85,11.2,2985,MainGate,0.8582,24.0725,Moderate,train
533,Flood,2739,4851,4,3,10.3,1.2,10.2,13212,Cafeteria,0.5646,20.9354,Low,train
2227,Chemical,2246,1981,5,1,5.7,0.78,13.4,11311,AuditoriumRoad,1.1338,5.0409,Moderate,test
1569,Earthquake,4894,887,3,1,8.2,1.09,10.5,3185,HostelBlock,5.5175,49.3154,High,validation
1946,Earthquake,11611,3742,5,5,6.7,1.71,8.9,5617,MainGate,3.1029,177.7496,High,validation
129,Fire,11097,3060,3,3,11.6,1.39,10.5,1994,MainGate,3.6265,175.4211,High,train
1191,Fire,8336,791,5,2,8.7,1.06,7.5,14423,SportsGround,10.5386,194.3739,High,train
2990,Chemical,6578,4401,4,4,7.8,0.87,6.8,2962,None,1.4947,40.5721,Moderate,train
826,Other,12904,3813,2,3,3.3,1.2,9.0,12278,LibraryJunction,3.3842,40.2043,Moderate,test
1567,Flood,11977,2806,4,2,10.1,0.53,6.9,14786,SportsGround,4.2684,45.6975,Moderate,train
2387,Other,3089,2414,1,3,9.9,1.51,6.7,6182,None,1.2796,57.3862,Low,train
921,Flood,13988,2786,2,2,10.5,1.29,5.2,2534,Cafeteria,5.0208,136.0135,High,train
1081,Chemical,9509,3122,1,5,9.9,0.58,16.6,13436,Cafeteria,3.0458,87.4449,Moderate,test
2869,Fire,6117,988,1,5,4.2,0.85,10.3,12506,None,6.1913,110.5147,Moderate,validation
2282,Chemical,5919,1423,2,5,10.3,1.64,19.4,3552,LibraryJunction,4.1595,351.3114,High,train
74,Other,5964,3209,4,3,5.4,0.8,15.0,5669,MainGate,1.8585,24.0862,Moderate,train
2823,Chemical,1553,1436,3,1,9.6,0.63,3.2,12113,LibraryJunction,1.0815,6.5409,Low,validation
1940,Earthquake,5462,2584,5,5,3.4,0.93,16.9,859,LibraryJunction,2.1138,33.4192,High,train
1797,Chemical,6876,3323,1,2,11.1,1.24,9.8,990,LibraryJunction,2.0692,56.9609,High,validation
634,Earthquake,10953,922,3,5,2.8,1.13,4.3,1759,AuditoriumRoad,11.8796,187.9353,Critical,train
1037,Flood,3996,4154,4,3,3.9,1.12,10.9,8026,LibraryJunction,0.962,12.606,Low,train
120,Flood,4190,3232,2,5,4.4,1.58,12.0,10107,SportsGround,1.2964,45.0629,Moderate,train
1414,Fire,5786,2591,4,5,6.8,0.63,17.4,13005,AuditoriumRoad,2.2331,47.833,Moderate,validation
980,Chemical,11471,2979,5,2,8.7,0.99,14.5,13530,MainGate,3.8506,66.3304,Moderate,train
1586,Earthquake,3169,4612,4,3,9.1,1.0,18.6,11210,None,0.6871,18.7578,Low,validation
542,Flood,11250,3432,4,4,10.9,0.72,5.2,7079,HostelBlock,3.278,102.903,Moderate,test
2858,Fire,6885,2048,5,2,10.3,1.32,2.3,3254,None,3.3618,91.4141,Moderate,train
759,Chemical,3771,3964,2,1,4.2,1.76,9.9,4666,None,0.9513,7.032,Moderate,train
810,Flood,7378,3316,2,5,4.6,1.68,8.1,10364,ExitGate,2.225,85.974,Moderate,train
2378,Flood,12867,3963,4,4,3.8,0.97,9.9,947,ExitGate,3.2468,47.8708,High,train
252,Chemical,10354,2072,5,3,10.2,0.85,9.1,6612,Cafeteria,4.9971,129.9746,Moderate,train
1382,Earthquake,13590,4850,3,1,3.8,1.5,17.7,11956,HostelBlock,2.8021,15.972,High,train
763,Earthquake,14251,2436,4,4,2.6,1.75,18.7,15539,AuditoriumRoad,5.8502,106.4736,High,test
160,Earthquake,10705,927,4,3,7.8,0.63,17.2,14445,MainGate,11.548,170.2406,Critical,validation
151,Other,6897,3673,3,5,3.0,1.32,8.0,5901,MainGate,1.8778,37.1804,Moderate,validation
443,Fire,9010,2184,4,1,9.6,0.7,10.3,5934,None,4.1255,27.7234,Moderate,train
1689,Fire,14176,1494,1,2,3.1,1.5,15.7,4924,LibraryJunction,9.4886,88.244,Critical,train
2457,Fire,8014,2305,5,1,5.0,1.06,7.5,14367,Cafeteria,3.4768,18.427,Moderate,test
1328,Earthquake,9593,3565,4,2,9.7,1.07,15.4,13251,LibraryJunction,2.6909,55.8577,Moderate,train
2088,Fire,8951,745,1,4,11.4,1.57,18.6,2827,MainGate,12.0148,860.1636,Critical,train
1710,Fire,4613,2856,2,5,10.6,0.66,9.6,11122,ExitGate,1.6152,56.4997,Low,train
2752,Fire,3841,1985,1,3,8.6,1.7,4.5,6838,SportsGround,1.935,84.8691,Low,validation
1786,Chemical,13205,540,5,4,9.9,0.95,6.3,14636,LibraryJunction,24.4537,919.9482,Critical,train
998,Flood,11885,4707,2,2,3.9,1.24,6.8,15547,HostelBlock,2.525,24.4218,Moderate,test
1321,Earthquake,4334,3525,4,3,8.9,1.5,2.4,4878,LibraryJunction,1.2295,49.2415,Low,validation
1673,Chemical,2764,3483,4,2,5.8,0.56,17.1,13666,AuditoriumRoad,0.7936,5.1552,Low,test
1576,Flood,3789,3717,5,3,9.6,1.39,19.8,4199,ExitGate,1.0194,40.8086,Moderate,test
909,Flood,4850,3661,2,2,5.3,1.18,10.2,6539,None,1.3248,16.5706,Low,validation
614,Chemical,3204,3711,3,3,6.8,0.54,10.6,6258,ExitGate,0.8634,9.5112,Low,train
2412,Fire,5836,3214,1,1,8.4,1.45,19.8,5147,HostelBlock,1.8158,22.1164,High,train
2038,Fire,2600,3289,1,3,6.2,0.54,9.3,8477,None,0.7905,7.9398,Low,validation
450,Other,3817,2007,5,3,4.3,0.74,16.4,14463,None,1.9018,18.1546,Low,test
983,Chemical,1829,1525,3,1,9.3,1.62,11.7,7140,None,1.1993,18.0687,Low,train
2253,Fire,8864,2951,5,2,8.6,1.68,10.1,1842,ExitGate,3.0037,86.7949,High,train
1771,Earthquake,3898,3146,1,4,10.6,1.44,19.2,15542,ExitGate,1.239,75.6484,Moderate,test
2617,Flood,7739,1593,2,2,8.7,0.65,13.2,15996,None,4.8581,54.9451,Moderate,train
591,Flood,4997,1031,4,2,3.7,1.62,7.9,7279,SportsGround,4.8468,58.1034,Moderate,train
2856,Chemical,1865,1511,2,3,8.5,0.58,11.1,14190,None,1.2343,18.2553,Low,test
1977,Fire,13625,2222,5,3,9.0,1.12,13.2,7878,MainGate,6.1319,185.4287,High,train
1132,Chemical,1931,4632,2,2,11.2,1.0,10.1,10665,SportsGround,0.4169,9.3386,Low,train
2945,Chemical,11711,1940,1,4,7.1,1.51,5.4,11163,MainGate,6.0366,258.8736,High,train
2096,Chemical,633,3985,5,3,4.7,1.25,16.3,13103,SportsGround,0.1588,2.7989,Low,train
880,Fire,12905,4933,2,2,7.0,1.28,7.2,632,LibraryJunction,2.6161,46.8805,Moderate,train
703,Flood,6308,3663,1,3,5.8,0.9,10.0,9691,MainGate,1.7221,26.9681,Moderate,train
114,Other,13674,3621,3,1,8.9,1.11,13.2,15952,HostelBlock,3.7763,37.3061,Moderate,validation
664,Other,12941,3581,2,1,10.9,0.6,2.1,15673,MainGate,3.6138,23.6343,Moderate,train
712,Earthquake,2875,3427,1,3,5.9,1.33,19.2,1298,AuditoriumRoad,0.8389,19.7485,High,validation
1648,Chemical,4868,3175,3,1,10.1,1.26,17.9,12927,ExitGate,1.5332,19.5115,Moderate,train
1142,Flood,3269,1865,3,4,3.8,0.52,10.5,5973,None,1.7528,13.8541,Low,test
1811,Fire,5848,2159,4,1,6.9,1.71,10.4,3857,LibraryJunction,2.7087,31.96,High,test
2055,Other,4072,3282,4,5,9.8,1.41,17.4,1600,Cafeteria,1.2407,85.72,Moderate,train
1691,Fire,13069,2779,1,3,10.0,0.96,9.0,3601,AuditoriumRoad,4.7028,135.4406,High,train
974,Earthquake,5728,3713,4,4,11.9,1.49,9.0,9148,AuditoriumRoad,1.5427,109.4145,Low,train
1902,Fire,922,1405,5,1,9.8,1.54,11.3,1134,SportsGround,0.6562,9.9034,Moderate,validation
1129,Fire,4522,1252,3,1,5.9,1.59,6.4,11102,SportsGround,3.6118,33.8823,Moderate,train
436,Chemical,1394,3433,3,5,4.6,0.74,3.2,8776,LibraryJunction,0.4061,6.9118,Low,train
113,Other,1679,3496,4,1,5.0,0.66,8.6,12771,AuditoriumRoad,0.4803,1.585,Moderate,train
2607,Chemical,5996,1237,5,5,11.8,0.68,11.4,10502,None,4.8472,194.4697,Moderate,train
2613,Fire,11938,3586,5,3,4.1,1.05,10.7,15705,SportsGround,3.3291,42.9953,Moderate,validation
2783,Earthquake,9773,4111,2,3,9.0,0.85,4.5,2646,MainGate,2.3773,54.559,Moderate,test
2977,Chemical,1112,3206,2,5,5.6,1.42,10.8,12699,LibraryJunction,0.3468,13.7888,Low,validation
1186,Chemical,1313,3431,2,3,3.2,1.25,17.4,15766,AuditoriumRoad,0.3827,4.5924,Moderate,validation
1653,Fire,13094,4453,1,2,6.9,1.78,18.6,8585,MainGate,2.9405,72.2304,High,test
1556,Flood,2152,3716,3,4,2.8,1.28,13.7,8885,Cafeteria,0.5791,8.302,Moderate,train
2781,Chemical,5557,3930,4,5,11.3,1.62,4.6,11512,None,1.414,129.4234,Low,validation
1592,Chemical,749,4380,3,4,7.8,1.05,3.2,4805,HostelBlock,0.171,5.602,Low,train
314,Earthquake,3529,4688,2,5,5.6,1.26,15.7,11146,MainGate,0.7528,26.5588,Low,train
1776,Fire,1449,974,3,5,3.2,0.66,11.5,13146,AuditoriumRoad,1.4877,15.7101,Moderate,train
426,Fire,10426,2217,3,3,11.3,0.67,14.8,3413,HostelBlock,4.7028,106.8147,High,test
2659,Fire,6354,4093,3,1,5.3,0.56,5.9,14562,HostelBlock,1.5524,4.6075,Moderate,train
138,Flood,944,3026,2,4,11.9,0.57,5.7,15988,SportsGround,0.312,8.4652,Low,train
635,Chemical,10289,1585,3,3,10.6,0.52,4.0,3360,LibraryJunction,6.4915,107.3434,High,train
964,Earthquake,11927,4062,1,2,11.3,0.92,8.9,5093,SportsGround,2.9362,61.0495,High,train
241,Flood,1714,3539,5,2,3.0,0.99,12.9,1147,MainGate,0.4843,2.8767,Moderate,validation
2126,Chemical,7095,1649,5,4,6.3,0.9,14.0,7631,ExitGate,4.3026,97.583,Moderate,train
1016,Chemical,12148,1749,5,2,4.9,1.5,17.6,11984,SportsGround,6.9457,102.1018,High,train
827,Fire,4851,4930,2,1,7.4,0.91,8.1,10915,LibraryJunction,0.984,6.6263,Low,train
1985,Chemical,444,1458,2,2,4.2,0.5,3.1,9052,Cafeteria,0.3045,1.2789,Low,train
649,Earthquake,1976,4530,2,5,9.8,0.78,13.6,15452,ExitGate,0.4362,16.6716,Low,train
2303,Other,5851,2714,3,5,7.6,0.65,2.7,2232,MainGate,2.1559,53.2507,Moderate,train
1497,Chemical,3758,2133,3,5,11.0,1.36,18.9,7574,LibraryJunction,1.7618,131.7826,Moderate,train
2651,Chemical,7009,2045,4,4,6.9,1.28,8.8,7307,Cafeteria,3.4274,121.0832,Moderate,train
1862,Flood,5852,4294,1,5,4.1,1.11,11.3,1926,ExitGate,1.3628,31.0105,High,train
1472,Flood,8784,4664,2,5,6.0,1.41,18.4,2116,ExitGate,1.8834,79.6678,High,train
383,Flood,5709,1022,3,3,10.7,0.84,14.8,15120,AuditoriumRoad,5.5861,150.6236,Moderate,validation
1931,Flood,5660,2336,4,3,3.5,1.71,12.5,14573,Cafeteria,2.4229,43.5032,Moderate,train
2978,Chemical,8624,2964,1,4,9.7,0.82,13.6,9887,SportsGround,2.9096,92.5718,Moderate,train
356,Fire,11742,4454,1,4,11.5,0.71,18.0,3073,None,2.6363,86.1016,High,train
2754,Fire,1825,1793,4,3,11.5,1.28,16.9,933,AuditoriumRoad,1.0178,44.946,Moderate,test
2008,Other,1065,2753,4,2,4.5,0.68,17.3,8200,LibraryJunction,0.3869,2.3678,Moderate,train
59,Chemical,7340,2735,4,1,6.2,1.37,16.4,12364,LibraryJunction,2.6837,22.7953,Moderate,validation
1714,Earthquake,5792,1376,2,4,3.9,1.44,16.1,14734,HostelBlock,4.2093,94.5577,Moderate,train
1655,Fire,2749,4814,5,5,9.0,1.55,16.0,4518,SportsGround,0.571,39.8272,Low,train
546,Other,5120,553,2,2,10.6,0.53,16.8,11800,AuditoriumRoad,9.2586,104.0296,High,train
1229,Chemical,12032,1382,1,1,9.5,0.96,10.1,7199,ExitGate,8.7062,79.4005,Critical,test
2010,Chemical,10881,4761,5,2,4.0,0.84,10.1,1976,LibraryJunction,2.2854,15.3579,High,train
2166,Other,972,1204,1,5,6.8,1.17,6.2,6179,Cafeteria,0.8073,32.1144,Low,train
148,Earthquake,6499,4653,4,5,7.8,1.53,18.1,7868,SportsGround,1.3967,83.3411,Moderate,train
2465,Flood,13592,682,4,4,9.2,1.65,4.2,15786,LibraryJunction,19.9296,1210.1253,Critical,train
1581,Other,11326,843,4,1,7.2,0.96,6.6,8259,Cafeteria,13.4353,92.8648,Critical,train
72,Fire,8204,3829,5,2,9.1,1.34,10.8,13491,None,2.1426,52.2537,Low,train
2643,Earthquake,4254,4903,5,4,10.1,0.53,10.4,3896,AuditoriumRoad,0.8676,18.5771,Low,train
1895,Earthquake,8094,1653,1,4,3.7,1.3,10.6,9634,ExitGate,4.8966,94.2106,High,train
2009,Chemical,9374,1834,5,3,10.9,1.65,7.0,1457,MainGate,5.1112,275.7748,High,train
2924,Fire,1542,1271,5,4,4.1,1.17,7.1,2532,SportsGround,1.2132,23.2789,Low,test
777,Chemical,12260,3967,5,3,3.2,1.22,2.9,15754,SportsGround,3.0905,36.1959,Moderate,train
641,Earthquake,1795,836,5,3,11.6,1.06,18.5,14563,AuditoriumRoad,2.1471,79.2022,Moderate,test
872,Fire,5783,2452,1,3,7.4,0.81,3.3,10329,ExitGate,2.3585,42.4105,Low,train
1964,Earthquake,3540,938,5,3,4.7,1.49,10.6,4235,Cafeteria,3.774,79.288,Moderate,test
2349,Fire,10956,2106,3,1,10.1,0.74,17.5,2440,Cafeteria,5.2023,38.882,Critical,train
1170,Fire,4951,4435,3,1,11.6,1.14,14.0,6909,Cafeteria,1.1163,14.762,Moderate,train
1366,Fire,9730,578,4,1,9.3,1.08,13.6,10149,ExitGate,16.8339,169.0797,Critical,train
1086,Earthquake,13684,3687,1,5,9.9,1.28,3.4,11443,LibraryJunction,3.7114,235.1543,Moderate,train
126,Chemical,10166,3138,2,1,3.7,1.31,12.5,12167,HostelBlock,3.2396,15.7023,High,train
978,Other,11332,3998,2,1,3.4,1.77,5.2,1359,MainGate,2.8344,17.0574,High,validation
2444,Flood,9578,620,3,2,6.9,0.76,9.6,7785,Cafeteria,15.4484,162.0228,Critical,test
1484,Flood,7769,3368,2,1,6.2,0.7,7.3,1542,SportsGround,2.3067,10.0111,High,train
1590,Chemical,13445,4142,1,1,4.1,0.67,19.6,10415,None,3.246,8.9168,High,train
476,Chemical,289,2048,1,5,7.5,1.18,8.8,3865,HostelBlock,0.1411,6.2437,Low,train
2422,Fire,1885,3638,2,1,11.0,1.05,10.1,13057,SportsGround,0.5181,5.9841,Low,validation
636,Earthquake,13435,3529,2,3,9.9,0.81,5.3,9140,None,3.807,91.585,Moderate,train
1061,Other,2769,3970,3,1,7.5,1.77,4.3,3971,Cafeteria,0.6975,9.2593,Low,train
718,Flood,12710,4785,3,2,9.2,0.54,16.7,4143,LibraryJunction,2.6562,26.392,High,train
1626,Fire,9566,3685,3,3,6.1,1.14,15.0,15396,Cafeteria,2.5959,54.1557,Moderate,train
2221,Other,13724,2069,4,5,8.8,1.67,7.3,7853,None,6.6332,487.4075,High,train
511,Other,1581,1772,4,3,4.7,1.46,10.0,2571,LibraryJunction,0.8922,18.3668,Low,train
2092,Flood,3846,1709,4,4,6.8,1.25,9.2,5807,Cafeteria,2.2504,76.5136,Low,test
2037,Earthquake,14626,3259,5,5,11.0,1.75,8.5,12951,SportsGround,4.4879,431.9604,Moderate,train
134,Other,14451,1986,2,5,8.7,0.59,15.3,1002,MainGate,7.2764,186.7488,Critical,train
110,Chemical,5261,822,4,1,8.0,1.45,3.6,5335,HostelBlock,6.4002,74.2423,High,train
2106,Flood,12968,2615,4,4,4.4,1.08,6.7,2878,SportsGround,4.9591,94.2626,High,train
791,Fire,14164,668,2,2,6.2,1.02,13.6,11216,LibraryJunction,21.2036,268.1831,Critical,train
2808,Fire,9037,3205,3,4,6.6,1.13,17.6,570,SportsGround,2.8197,84.1173,High,test
1151,Earthquake,11698,4760,3,5,3.7,1.53,12.2,13484,HostelBlock,2.4576,69.5624,Moderate,train
1855,Fire,2348,2436,1,3,10.8,0.59,2.1,6069,ExitGate,0.9639,18.4259,Low,train
454,Chemical,4233,3065,2,4,5.1,0.97,14.2,5932,ExitGate,1.3811,27.3292,Moderate,train
1168,Other,8125,3814,2,2,10.5,1.21,16.8,11662,ExitGate,2.1303,54.1309,Moderate,test
1458,Earthquake,1686,4593,2,3,6.3,0.79,19.7,10871,MainGate,0.3671,5.4812,Low,train
2903,Flood,1374,1913,1,3,3.5,0.82,8.8,2147,AuditoriumRoad,0.7182,6.1837,Moderate,validation
2800,Fire,5406,4729,4,3,6.8,1.13,16.7,9493,AuditoriumRoad,1.1432,26.353,Low,train
2406,Chemical,6031,2988,2,5,7.1,1.31,13.3,6621,None,2.0184,93.8657,Low,validation
1363,Flood,1696,2773,2,1,11.1,0.67,7.4,3903,SportsGround,0.6116,4.5485,Low,train
1832,Flood,8268,4859,4,5,3.9,1.31,18.5,8787,ExitGate,1.7016,43.4674,Moderate,test
715,Fire,2443,605,5,3,6.0,1.13,8.1,15422,LibraryJunction,4.038,82.1329,Moderate,train
2469,Flood,12355,697,3,3,10.6,1.6,13.5,9855,LibraryJunction,17.726,901.8989,Critical,train
1632,Fire,7904,4988,4,2,4.7,1.55,5.5,12174,MainGate,1.5846,23.0876,Low,test
1698,Fire,13080,766,3,2,5.5,1.57,7.3,14568,MainGate,17.0757,294.8973,Critical,test
1072,Chemical,2696,1114,5,4,3.4,0.52,15.8,5571,MainGate,2.4201,17.1149,Moderate,train
526,Flood,12401,845,5,5,3.7,1.13,7.4,6405,None,14.6757,306.7955,Critical,validation
2375,Earthquake,5598,4536,1,2,4.7,0.98,12.1,8801,MainGate,1.2341,11.3685,Moderate,train
2259,Chemical,3821,2201,3,1,8.5,1.35,15.4,9322,None,1.736,19.9206,Low,train
976,Flood,10925,4248,2,5,3.8,1.4,7.2,2872,SportsGround,2.5718,68.4099,High,train
861,Chemical,13757,3583,5,3,6.2,1.59,16.6,638,MainGate,3.8395,113.5494,High,train
310,Earthquake,2047,3661,2,4,8.6,0.59,18.0,697,HostelBlock,0.5591,11.3475,Moderate,train
499,Chemical,8371,2006,4,2,6.5,1.48,8.6,7063,AuditoriumRoad,4.173,80.2885,Moderate,train
24,Flood,13897,4928,1,1,11.3,1.6,5.0,8456,ExitGate,2.82,50.9856,High,train
1121,Fire,2347,2829,4,1,11.0,1.69,2.7,11064,None,0.8296,15.4223,Low,train
106,Fire,10668,2950,4,3,6.8,0.89,20.0,14481,ExitGate,3.6163,65.6575,Moderate,train
1058,Fire,7896,1994,2,5,9.1,0.89,9.4,6026,ExitGate,3.9599,160.3562,Moderate,test
1017,Flood,7964,2125,1,5,8.3,0.75,17.4,10804,LibraryJunction,3.7478,116.6503,Moderate,train
2789,Fire,11192,2299,2,5,6.6,0.51,3.2,2766,LibraryJunction,4.8682,81.9318,High,train
1204,Other,12700,4936,3,1,11.1,1.48,8.1,14068,AuditoriumRoad,2.5729,42.2676,Moderate,train
2572,Chemical,7562,4536,4,4,4.6,1.72,9.5,12394,None,1.6671,52.7604,Low,train
2944,Fire,11599,4011,3,3,10.9,1.25,10.4,10815,AuditoriumRoad,2.8918,118.2023,Moderate,train
884,Flood,7843,2386,5,2,4.8,1.45,19.1,5931,Cafeteria,3.2871,45.7564,High,train
1584,Flood,12472,3611,3,2,8.2,1.11,7.8,9554,ExitGate,3.4539,62.8748,Moderate,test
2589,Chemical,6766,3531,3,4,9.6,1.25,11.7,14751,AuditoriumRoad,1.9162,91.9776,Low,train
2399,Earthquake,739,588,3,5,4.4,0.74,17.0,3507,AuditoriumRoad,1.2568,20.4607,Moderate,train
312,Other,425,1053,3,2,2.9,0.58,16.2,8800,AuditoriumRoad,0.4036,1.3577,Moderate,test
2561,Other,1005,4339,2,2,11.9,1.4,17.3,13628,MainGate,0.2316,7.7169,Low,train
2906,Other,9005,2446,5,1,8.7,1.41,19.8,12595,Cafeteria,3.6815,45.161,Moderate,train
420,Earthquake,10208,2583,2,2,3.6,1.61,5.9,14009,SportsGround,3.952,45.8116,Moderate,train
2157,Flood,3035,1140,2,5,7.8,0.84,10.8,4350,None,2.6623,87.2169,Low,train
2513,Fire,6901,3846,1,5,6.6,0.93,10.6,12914,AuditoriumRoad,1.7943,55.0671,Moderate,train
1318,Other,12995,3554,4,3,10.5,1.76,4.0,3430,Cafeteria,3.6564,202.7108,High,train
2772,Other,9450,4906,2,2,9.2,0.6,4.6,7665,HostelBlock,1.9262,21.2652,Low,test
2294,Flood,625,600,4,2,8.3,0.62,15.5,1067,ExitGate,1.0417,10.7212,Low,train
531,Other,4307,1603,1,4,9.2,1.23,11.8,8529,SportsGround,2.6868,121.6153,Moderate,train
748,Fire,9897,1276,3,3,3.1,1.54,10.6,3936,HostelBlock,7.7563,111.0857,Critical,test
21,Fire,13430,4374,4,2,3.4,1.36,8.4,7235,ExitGate,3.0704,28.3951,High,train
305,Fire,6222,3066,3,2,6.1,1.56,17.7,11011,LibraryJunction,2.0294,38.6235,Moderate,train
2184,Chemical,8578,2925,1,3,7.6,1.63,11.8,9278,ExitGate,2.9326,108.9871,Moderate,train
500,Other,9561,1973,2,5,9.0,1.56,15.0,13674,SportsGround,4.8459,340.1822,Moderate,validation
1564,Earthquake,10631,1485,1,4,4.2,0.65,15.0,7958,AuditoriumRoad,7.1589,78.1752,Critical,train
2720,Fire,6080,4806,4,4,8.2,1.16,19.7,10295,SportsGround,1.2651,48.1345,Low,train
2504,Flood,1767,2523,3,2,8.2,1.47,19.6,10322,MainGate,0.7004,16.8852,Low,train
455,Flood,6077,4148,3,4,7.7,0.73,12.9,14291,AuditoriumRoad,1.465,32.9391,Low,train
84,Chemical,1177,1084,2,3,8.2,1.57,18.6,7695,MainGate,1.0858,41.9358,Low,train
2672,Earthquake,11593,3245,1,3,11.2,0.68,7.2,2065,MainGate,3.5726,81.6268,High,validation
1615,Earthquake,3556,3967,1,5,3.1,0.64,19.6,12289,AuditoriumRoad,0.8964,8.8923,Moderate,train
796,Other,11411,1546,3,2,7.5,0.88,2.9,1753,None,7.381,97.4292,High,train
1762,Earthquake,3704,4029,1,3,11.6,0.83,10.3,1168,Cafeteria,0.9193,26.5531,Moderate,train
900,Fire,12409,2979,3,2,9.2,1.8,20.0,12827,AuditoriumRoad,4.1655,137.9614,Moderate,train
783,Chemical,1094,1717,2,2,2.8,0.84,14.7,7650,MainGate,0.6372,2.9974,Moderate,train
1023,Flood,11389,611,5,2,5.6,1.46,8.5,13259,HostelBlock,18.6399,304.7996,Critical,train
1830,Fire,3133,3424,2,5,6.3,1.01,5.5,13101,LibraryJunction,0.915,29.1107,Low,train
1988,Chemical,14908,2427,5,3,11.3,1.34,13.5,1893,None,6.1426,279.0337,High,train
1955,Earthquake,3816,3112,2,5,10.2,0.54,4.4,14541,HostelBlock,1.2262,33.7695,Low,train
1245,Flood,10538,3615,5,2,8.6,1.13,13.8,3450,AuditoriumRoad,2.9151,56.6579,High,train
2401,Earthquake,9296,2479,1,5,4.6,1.23,15.3,12890,HostelBlock,3.7499,106.0847,Moderate,train
175,Chemical,10070,4027,2,5,5.3,0.63,7.9,5343,AuditoriumRoad,2.5006,41.7475,Moderate,train
1098,Fire,5690,3100,2,5,11.9,0.81,19.5,3656,Cafeteria,1.8355,88.4619,Moderate,validation
857,Earthquake,14589,2789,4,2,8.3,1.74,7.7,11675,HostelBlock,5.2309,151.0893,Moderate,train
2499,Fire,4403,913,2,5,7.5,0.74,19.3,9735,LibraryJunction,4.8226,133.8272,Moderate,train
1375,Fire,12688,546,4,1,11.7,0.96,16.5,7985,AuditoriumRoad,23.2381,261.0103,Critical,train
1120,Chemical,9885,3177,4,2,8.0,0.87,13.6,14526,None,3.1114,43.3107,Low,train
1510,Fire,4510,3011,4,4,5.7,0.85,19.9,11259,ExitGate,1.4978,29.0274,Moderate,test
396,Chemical,4964,2942,4,5,8.2,0.94,18.0,2692,HostelBlock,1.6873,65.0285,Moderate,train
491,Fire,8662,3392,5,1,9.2,0.84,7.2,7036,HostelBlock,2.5537,19.735,Moderate,test
2704,Fire,14371,1082,4,4,8.2,0.55,19.9,15388,MainGate,13.2819,239.6055,Critical,validation
769,Earthquake,13186,3861,3,4,7.0,1.46,6.7,11763,HostelBlock,3.4152,139.6134,Moderate,train
2403,Other,2284,2342,4,2,11.9,1.14,11.7,1925,LibraryJunction,0.9752,26.4591,Low,train
858,Fire,4673,4208,2,3,5.7,1.1,12.8,760,LibraryJunction,1.1105,20.8885,Moderate,test
1989,Fire,7099,2763,5,2,4.4,0.9,17.6,10145,HostelBlock,2.5693,20.3489,Moderate,train
2254,Earthquake,12498,3188,5,5,5.3,1.76,18.7,13785,MainGate,3.9203,182.8428,Moderate,validation
96,Chemical,14376,4511,2,4,7.6,0.95,11.9,9403,Cafeteria,3.1869,92.0377,Moderate,test
889,Flood,13291,4816,5,4,10.8,0.58,4.6,15641,LibraryJunction,2.7598,69.1495,Low,test
2684,Chemical,13102,3528,2,5,3.1,1.69,9.5,2224,AuditoriumRoad,3.7137,97.2804,High,validation
2158,Fire,11943,2718,2,1,3.7,0.88,3.2,13599,None,4.394,14.3069,Moderate,train
456,Other,3418,4912,3,1,9.4,1.66,17.3,10848,None,0.6958,10.8573,Low,train
2890,Earthquake,6127,4361,3,4,6.1,0.74,13.0,2305,HostelBlock,1.405,25.3687,Moderate,train
797,Earthquake,8566,1381,4,4,3.4,1.36,12.2,4651,HostelBlock,6.2028,114.727,Critical,train
503,Earthquake,11513,1310,2,1,4.5,0.83,17.1,2077,ExitGate,8.7885,32.825,Critical,train
2270,Chemical,12745,3955,4,4,2.5,1.69,7.3,9039,MainGate,3.2225,54.4602,High,train
1139,Chemical,14660,2355,5,4,6.2,0.63,15.2,14910,AuditoriumRoad,6.2251,97.261,High,train
598,Chemical,13262,4387,1,2,7.1,1.32,18.1,9297,HostelBlock,3.023,56.6631,High,train
2419,Other,9953,1993,3,1,7.9,1.67,8.2,13555,MainGate,4.994,65.8858,Moderate,train
2292,Fire,14835,3702,4,2,3.2,0.97,9.4,9408,None,4.0073,24.8773,Moderate,train
2863,Earthquake,4367,2292,3,1,5.2,1.35,18.1,9289,Cafeteria,1.9053,13.3752,Moderate,train
2089,Earthquake,12158,3517,5,4,3.4,1.71,7.1,3062,SportsGround,3.4569,80.3937,High,train
288,Flood,8206,4136,2,1,7.9,1.53,6.0,1035,AuditoriumRoad,1.984,23.9806,High,train
1796,Fire,10852,3463,2,5,3.8,1.67,15.6,14196,AuditoriumRoad,3.1337,99.4323,Moderate,train
2205,Chemical,5933,2948,4,2,9.5,0.52,14.9,12491,LibraryJunction,2.0126,19.8845,Low,test
2517,Flood,13853,3232,5,5,8.2,0.59,5.6,8434,SportsGround,4.2862,103.6832,Moderate,validation
1864,Chemical,6408,1611,2,5,11.5,0.92,13.1,8871,ExitGate,3.9777,210.4203,Moderate,test
1753,Other,5858,3595,3,1,5.9,1.17,11.5,7138,Cafeteria,1.6295,11.2484,Moderate,train
2526,Flood,14827,3112,3,1,7.6,1.78,19.9,4573,LibraryJunction,4.7645,64.4542,Critical,train
519,Other,13451,4857,3,4,4.3,0.59,4.5,2308,ExitGate,2.7694,28.1039,High,validation
941,Flood,7631,3005,3,4,7.8,1.13,8.0,12212,ExitGate,2.5394,89.5291,Low,test
181,Fire,4488,1464,3,4,4.5,1.3,14.5,8547,SportsGround,3.0656,71.735,Moderate,validation
1980,Flood,5214,999,3,4,8.0,0.67,10.6,4993,ExitGate,5.2192,111.8996,Moderate,test
1809,Fire,2837,890,5,5,3.1,1.51,2.4,15844,AuditoriumRoad,3.1876,74.6058,Moderate,train
2883,Chemical,14666,2608,1,2,9.7,0.54,6.6,2441,ExitGate,5.6235,58.9118,High,train
2873,Earthquake,11490,1586,1,3,11.9,0.53,5.3,9713,MainGate,7.2446,137.0751,High,train
2687,Other,12454,3277,2,2,5.3,1.64,14.7,6861,ExitGate,3.8004,66.0662,High,train
975,Earthquake,11686,2098,5,4,3.4,0.92,16.2,14686,None,5.5701,69.6931,Moderate,train
2623,Other,8803,2182,1,2,11.6,1.39,9.2,2972,SportsGround,4.0344,130.1013,High,test
1650,Chemical,12184,4103,3,2,3.9,1.69,3.7,6789,AuditoriumRoad,2.9695,39.1439,Moderate,train
2337,Chemical,2873,1885,3,1,9.6,0.66,10.3,3502,Cafeteria,1.5241,9.6567,Moderate,train
926,Earthquake,10434,2052,2,5,6.3,1.06,6.2,2234,HostelBlock,5.0848,169.7815,High,train
1950,Chemical,11822,3865,2,1,7.4,0.84,8.7,1414,Cafeteria,3.0587,19.0129,High,validation
674,Chemical,3513,2709,3,2,2.8,1.24,7.1,2320,ExitGate,1.2968,9.005,Moderate,train
52,Chemical,3081,2292,5,4,3.0,0.82,17.3,7978,LibraryJunction,1.3442,13.2269,Moderate,train
2580,Other,12464,4468,5,5,9.2,1.59,12.8,1767,AuditoriumRoad,2.7896,204.0313,High,train
1128,Flood,8748,1502,5,2,8.0,1.36,19.6,5774,ExitGate,5.8242,126.7346,High,validation
388,Earthquake,3841,1231,3,2,9.6,0.9,16.2,5928,HostelBlock,3.1202,53.9171,Moderate,train
2573,Flood,5094,3791,4,1,11.3,1.08,5.7,6422,None,1.3437,16.3985,Low,train
207,Other,12897,4610,5,4,10.8,1.46,3.1,2762,SportsGround,2.7976,176.4502,Moderate,train
2273,Chemical,220,4979,2,4,11.8,0.51,4.6,7376,SportsGround,0.0442,1.064,Low,train
2338,Flood,8545,531,4,4,9.2,1.0,8.3,11948,Cafeteria,16.0923,592.1966,Critical,train
2108,Flood,11953,1763,2,2,9.5,0.96,3.0,3498,HostelBlock,6.7799,123.6654,High,test
2987,Chemical,5330,4908,1,5,8.3,1.68,18.5,10419,ExitGate,1.086,75.7159,Moderate,test
1146,Other,11069,2608,4,3,6.0,0.52,8.3,12135,HostelBlock,4.2442,39.7257,Moderate,train
642,Other,4575,2714,1,3,8.7,1.01,15.9,12773,SportsGround,1.6857,44.4367,Moderate,validation
2515,Fire,14133,3086,4,1,2.6,1.15,10.9,11024,LibraryJunction,4.5797,13.6933,High,train
2703,Fire,13218,4870,1,3,2.9,1.23,16.3,4846,MainGate,2.7142,29.0447,High,validation
2343,Flood,2696,4986,1,2,3.3,1.53,9.8,4641,HostelBlock,0.5407,5.46,Moderate,train
209,Earthquake,11273,3402,3,5,7.1,1.74,7.0,5390,SportsGround,3.3136,204.6811,High,train
154,Chemical,10784,1265,4,5,5.9,0.97,5.2,4009,HostelBlock,8.5249,243.94,Critical,test
2347,Fire,8667,4827,3,5,10.1,1.2,19.9,7138,AuditoriumRoad,1.7955,108.8073,Moderate,train
582,Other,5509,2548,2,1,3.4,1.42,13.4,1897,Cafeteria,2.1621,10.4386,High,train
1290,Flood,13925,3910,1,1,4.3,1.49,4.7,4868,MainGate,3.5614,22.8179,Critical,validation
965,Flood,14904,4401,1,2,11.3,1.32,10.9,13534,HostelBlock,3.3865,101.0261,Moderate,train
145,Earthquake,7801,4547,5,5,6.8,1.7,12.2,10908,HostelBlock,1.7156,99.1617,Low,train
432,Chemical,12571,3512,5,5,9.5,0.76,15.0,3670,AuditoriumRoad,3.5794,129.2163,High,train
2866,Fire,4137,3065,2,1,10.7,1.55,10.5,9093,ExitGate,1.3498,22.3864,Moderate,train
2943,Other,342,2485,4,5,6.3,1.36,8.1,10686,None,0.1376,5.8948,Low,validation
654,Earthquake,1518,3285,4,3,8.7,0.73,2.7,6794,SportsGround,0.4621,8.8044,Low,train
514,Earthquake,5273,4872,3,4,7.6,1.55,10.0,6492,Cafeteria,1.0823,50.998,Low,train
81,Flood,12696,1312,2,2,5.0,0.61,6.3,9543,MainGate,9.6768,59.0285,High,validation
2919,Other,4491,3905,4,1,10.5,1.0,8.8,9763,Cafeteria,1.1501,12.076,Low,train
1353,Earthquake,9939,2755,1,2,3.9,0.87,6.0,6576,HostelBlock,3.6076,24.4812,High,train
1765,Flood,5241,3590,4,3,10.7,1.17,19.3,9189,None,1.4599,54.8295,Low,train
2295,Fire,1732,1812,1,2,7.6,0.99,2.7,8844,ExitGate,0.9558,14.3829,Low,test
1649,Earthquake,792,4710,5,5,7.3,1.8,4.8,14012,Cafeteria,0.1682,11.0507,Low,train
1779,Flood,7052,3266,1,1,4.9,0.55,15.4,12472,AuditoriumRoad,2.1592,5.819,Moderate,test
2027,Fire,14773,1333,2,1,11.5,1.8,10.3,8815,Cafeteria,11.0825,229.4077,Critical,test
2430,Other,2918,968,3,4,9.3,1.37,19.3,5004,None,3.0145,153.631,Low,train
189,Other,1730,4870,5,2,8.1,1.25,5.1,10731,HostelBlock,0.3552,7.1928,Low,validation
951,Flood,7029,4800,3,4,4.1,0.99,14.7,3744,ExitGate,1.4644,23.776,High,train
398,Chemical,12227,2230,1,5,7.3,0.66,14.8,13478,None,5.483,132.0855,Moderate,train
946,Fire,4481,1711,5,4,11.5,0.69,6.5,9975,LibraryJunction,2.6189,83.1239,Low,validation
1283,Chemical,614,1958,3,4,9.8,0.95,9.6,10608,SportsGround,0.3136,11.6785,Low,test
1269,Earthquake,8313,3974,2,5,7.1,1.47,11.8,7043,None,2.0918,109.1606,Low,validation
1540,Earthquake,5347,4470,5,5,4.4,1.55,5.4,15634,MainGate,1.1962,40.7904,Low,validation
2268,Chemical,9507,4492,2,3,5.8,1.64,3.8,5254,SportsGround,2.1164,60.3936,Moderate,train
1601,Flood,10135,4184,2,2,7.1,1.73,11.2,7160,LibraryJunction,2.4223,59.5062,Moderate,train
2750,Fire,13865,1926,4,5,10.2,0.52,7.0,6544,ExitGate,7.1989,190.9148,High,test
605,Earthquake,7726,799,4,5,3.6,0.9,2.8,14395,MainGate,9.6696,156.6475,High,train
2610,Other,14935,4706,4,3,11.9,1.39,15.0,3800,None,3.1736,157.4836,Moderate,test
47,Chemical,6853,2965,5,1,5.4,0.77,16.1,10439,HostelBlock,2.3113,9.6104,Moderate,train
1647,Other,3783,4673,5,3,2.7,1.02,16.4,8041,HostelBlock,0.8095,6.6881,Moderate,validation
2546,Fire,11605,4329,5,3,4.7,0.65,13.7,3558,Cafeteria,2.6808,24.5695,High,validation
1212,Flood,2284,4554,2,2,3.9,1.3,2.9,2375,None,0.5015,5.0852,Low,test
697,Earthquake,12791,4591,2,4,11.3,0.7,19.5,9448,HostelBlock,2.7861,88.1522,Moderate,train
2265,Flood,7406,1645,1,2,9.1,1.16,12.8,9811,SportsGround,4.5021,95.0483,Moderate,validation
1609,Flood,3041,4760,1,3,8.6,0.77,16.2,14105,HostelBlock,0.6389,12.6924,Low,train
2316,Other,11431,1637,4,2,11.4,1.46,12.5,9215,ExitGate,6.9829,232.4468,High,train
2954,Other,837,4329,3,3,10.4,0.67,17.1,2029,None,0.1933,4.0407,Low,train
2467,Chemical,8524,4203,5,4,5.6,1.15,7.9,10294,None,2.0281,52.2439,Low,train
1963,Flood,2410,4154,4,3,10.6,1.33,9.6,2912,MainGate,0.5802,24.539,Low,train
2744,Flood,1727,3894,2,4,8.8,0.59,12.6,9541,None,0.4435,9.2106,Low,train
507,Other,14108,3815,1,1,4.0,0.8,7.7,5273,AuditoriumRoad,3.698,11.8336,Critical,test
339,Chemical,4783,1218,4,2,6.5,1.34,16.3,4582,None,3.9269,68.4066,Moderate,train
706,Flood,6908,554,3,4,4.2,1.1,12.2,15489,LibraryJunction,12.4693,230.4327,Critical,validation
2007,Chemical,11837,500,5,1,11.4,0.56,13.4,4097,HostelBlock,23.674,151.1348,Critical,train
1135,Other,5966,4208,3,1,11.3,0.61,9.8,2967,Cafeteria,1.4178,9.7729,Moderate,train
1424,Fire,12094,1511,5,2,4.5,0.69,7.0,5865,None,8.004,49.7048,High,train
2479,Chemical,11625,944,2,1,6.9,1.2,9.5,8724,None,12.3146,101.9649,Critical,test
2722,Chemical,6190,2205,3,5,5.3,0.69,19.8,7844,MainGate,2.8073,51.3315,Moderate,train
2778,Other,11220,3493,4,3,11.3,1.0,10.4,7229,AuditoriumRoad,3.2121,108.8902,Moderate,validation
1519,Chemical,11803,2116,4,5,9.2,1.11,15.2,10196,None,5.578,284.8127,Moderate,validation
1874,Flood,8233,2255,3,2,8.0,1.23,18.5,4481,LibraryJunction,3.651,71.8517,High,test
1112,Chemical,9762,1342,5,3,4.1,0.77,15.0,7601,ExitGate,7.2742,68.8939,High,train
1719,Chemical,7562,2337,2,3,10.5,1.75,6.9,8370,SportsGround,3.2358,178.3735,Moderate,validation
1048,Fire,10436,2970,3,3,10.8,0.85,11.0,6547,AuditoriumRoad,3.5138,96.7701,Moderate,train
451,Earthquake,10762,4278,5,1,5.3,0.59,3.8,12388,ExitGate,2.5157,7.8666,Moderate,test
2382,Chemical,9418,1827,2,3,5.0,1.48,14.3,7099,LibraryJunction,5.1549,114.4388,High,train
1681,Earthquake,9855,3836,1,4,10.4,1.04,10.3,14989,SportsGround,2.5691,111.1495,Moderate,train
2124,Chemical,2242,2410,2,1,4.0,1.26,8.3,885,HostelBlock,0.9303,4.6887,High,test
2749,Chemical,5567,1384,5,3,5.5,0.87,19.2,15707,None,4.0224,57.7416,Moderate,train
1169,Chemical,7283,1509,2,1,4.3,1.56,13.8,3297,SportsGround,4.8264,32.3755,Critical,train
2424,Earthquake,3330,1000,2,1,3.1,1.4,17.5,6310,None,3.33,14.4522,Moderate,train
2644,Other,14070,3648,4,3,6.2,1.45,8.2,10857,HostelBlock,3.8569,104.0206,Moderate,train
2350,Fire,10215,3047,5,4,2.5,1.73,10.9,2146,Cafeteria,3.3525,57.9982,High,validation
497,Earthquake,11640,1486,5,4,5.5,0.51,14.1,6716,MainGate,7.8331,87.8874,Critical,train
1935,Earthquake,9090,2754,5,2,2.5,1.76,19.3,13257,SportsGround,3.3007,29.0462,Moderate,train
999,Chemical,11779,3926,4,2,6.7,0.96,10.4,5199,AuditoriumRoad,3.0003,38.5959,High,test
359,Chemical,5025,1217,5,4,4.4,0.53,5.1,5281,MainGate,4.129,38.5153,Moderate,train
490,Chemical,4424,1452,1,4,8.5,1.79,14.2,4267,HostelBlock,3.0468,185.4282,Moderate,train
739,Chemical,11014,4518,5,5,7.9,1.12,17.4,8801,None,2.4378,107.8483,Moderate,test
2235,Earthquake,1096,1045,3,1,7.5,1.33,8.5,10318,MainGate,1.0488,10.4618,Low,train
559,Fire,10374,2491,2,3,2.6,1.4,4.0,7873,ExitGate,4.1646,45.4774,Moderate,train
2365,Fire,10353,4079,1,2,8.0,1.78,18.8,11919,LibraryJunction,2.5381,72.2851,Moderate,validation
2669,Flood,7134,3122,3,2,5.6,1.09,3.0,11023,None,2.2851,27.8965,Low,test
2809,Chemical,13121,1742,5,3,4.4,1.67,10.3,8347,Cafeteria,7.5321,166.0376,Critical,test
917,Chemical,12682,3869,5,1,12.0,0.6,3.9,13058,HostelBlock,3.2778,23.6002,Moderate,train
683,Earthquake,12254,3250,1,5,11.5,1.38,18.0,2318,Cafeteria,3.7705,299.1892,High,train
1259,Chemical,3383,3704,5,3,10.0,1.05,15.4,5450,AuditoriumRoad,0.9133,28.769,Low,train
2167,Flood,11170,909,1,4,10.6,1.62,10.7,11863,None,12.2882,844.0519,Critical,validation
2914,Fire,12919,3626,4,5,4.6,0.53,8.5,3899,ExitGate,3.5629,43.4318,High,train
2948,Fire,10857,1586,2,2,9.5,1.73,3.7,10604,SportsGround,6.8455,225.0116,Moderate,validation
530,Earthquake,5389,2406,5,3,10.2,1.07,5.5,11792,Cafeteria,2.2398,73.3355,Low,test
2971,Other,6625,3258,4,3,6.5,1.45,2.0,6049,MainGate,2.0335,57.4972,Low,train
1235,Earthquake,3864,4095,2,3,11.4,0.84,12.9,2238,SportsGround,0.9436,27.1077,Moderate,train
2700,Earthquake,3779,2336,3,2,8.2,0.54,19.2,2260,LibraryJunction,1.6177,14.3264,Moderate,train
1627,Flood,4376,4082,3,2,5.1,1.69,6.7,3090,LibraryJunction,1.072,18.4791,Moderate,train
318,Earthquake,8328,1131,4,5,5.9,1.15,12.2,6524,LibraryJunction,7.3634,249.8033,High,train
82,Fire,6893,521,4,5,7.0,0.54,7.2,5132,ExitGate,13.2303,250.0527,Critical,train
1984,Fire,14403,4735,5,1,9.3,1.22,5.8,2887,MainGate,3.0418,34.5123,High,train
2477,Earthquake,6432,719,5,2,3.1,0.94,11.7,3610,None,8.9458,52.1361,Critical,validation
2334,Earthquake,12085,3627,1,3,8.7,1.66,19.6,7364,SportsGround,3.332,144.3622,High,train
870,Chemical,1419,3971,2,2,4.1,0.9,13.3,2084,None,0.3573,2.6369,Low,train
2180,Fire,4203,4070,4,2,8.6,0.72,13.2,5360,LibraryJunction,1.0327,12.789,Low,train
2946,Chemical,8526,3780,1,1,10.8,0.78,13.2,3647,Cafeteria,2.2556,19.0012,High,validation
1248,Other,11023,3112,1,3,9.1,1.42,15.9,8425,ExitGate,3.5421,137.313,Moderate,train
387,Earthquake,5013,1983,1,4,3.7,0.84,16.6,12999,LibraryJunction,2.528,31.4281,Moderate,train
227,Earthquake,7498,4680,1,4,3.8,1.04,12.2,9655,ExitGate,1.6021,25.326,Moderate,train
1624,Flood,2958,3593,4,2,4.6,0.96,6.9,12213,AuditoriumRoad,0.8233,7.2714,Low,test
464,Other,6365,2560,2,5,6.4,1.56,8.2,13486,ExitGate,2.4863,124.1161,Moderate,test
2677,Flood,12621,1432,2,3,7.6,0.77,12.4,3652,SportsGround,8.8135,154.7298,Critical,train
830,Earthquake,7624,542,3,2,10.2,1.79,12.2,15152,SportsGround,14.0664,513.6487,Critical,train
238,Chemical,968,4560,3,4,10.0,0.91,9.5,2944,AuditoriumRoad,0.2123,7.7277,Low,train
1788,Fire,8513,889,3,5,8.0,0.58,7.2,9905,LibraryJunction,9.5759,222.1609,High,validation
749,Other,8468,2972,3,4,8.8,0.91,9.5,4616,ExitGate,2.8493,91.2688,Moderate,train
83,Flood,4534,2412,5,2,6.5,1.21,13.7,15383,AuditoriumRoad,1.8798,29.5693,Moderate,test
452,Earthquake,2300,3425,2,1,5.2,0.59,5.5,8460,ExitGate,0.6715,2.0602,Low,train
1242,Chemical,2442,2514,5,4,10.8,0.79,5.5,8202,LibraryJunction,0.9714,33.1519,Low,train
2678,Earthquake,3174,3478,5,4,11.6,0.65,5.9,4485,AuditoriumRoad,0.9126,27.524,Low,train
2006,Chemical,12971,4064,5,2,2.5,1.25,4.3,14748,HostelBlock,3.1917,19.9481,Moderate,train
2128,Flood,7189,3347,1,3,10.7,0.54,9.3,6283,HostelBlock,2.1479,37.2317,Moderate,train
1281,Flood,5307,3408,5,3,7.5,1.65,17.2,3221,AuditoriumRoad,1.5572,57.811,Moderate,train
640,Other,2578,2651,5,4,2.6,1.71,10.1,11616,HostelBlock,0.9725,17.2949,Moderate,train
1114,Chemical,2940,4181,1,5,4.9,1.03,12.9,14872,HostelBlock,0.7032,17.7453,Moderate,train
2815,Earthquake,2599,1179,1,1,10.4,1.43,7.0,3669,AuditoriumRoad,2.2044,32.7838,Moderate,train
449,Flood,1594,4985,3,2,9.6,1.67,8.2,7260,LibraryJunction,0.3198,10.2541,Low,validation
50,Other,600,1707,1,2,11.8,1.29,15.8,7961,Cafeteria,0.3515,10.7011,Low,train
565,Earthquake,5195,4836,3,4,6.2,0.7,8.2,6265,HostelBlock,1.0742,18.6481,Low,train
1300,Fire,7855,1645,5,3,6.0,0.99,12.6,1054,HostelBlock,4.7751,85.0923,High,train
2736,Flood,7892,2858,5,4,10.1,0.87,17.9,2611,None,2.7614,97.0577,Moderate,train
840,Flood,9469,3037,4,3,9.9,1.12,15.0,10423,LibraryJunction,3.1179,103.7138,Moderate,train
2494,Earthquake,5966,844,3,2,9.1,1.05,11.0,1796,ExitGate,7.0687,135.0829,High,validation
165,Fire,4093,2860,3,1,3.0,1.05,16.3,7989,MainGate,1.4311,4.508,Moderate,train
2816,Chemical,3748,4504,1,3,9.5,1.13,16.8,11349,ExitGate,0.8321,26.7978,Moderate,test
1069,Flood,2682,1820,4,1,10.9,0.62,14.9,14990,SportsGround,1.4736,9.9586,Moderate,validation
1831,Other,4703,4202,4,1,11.7,0.58,13.3,8059,ExitGate,1.1192,7.5949,Moderate,test
2676,Fire,6302,886,4,2,8.7,0.62,13.9,10558,None,7.1129,76.734,Moderate,train
2261,Earthquake,13098,2475,5,1,2.6,1.75,11.6,14472,ExitGate,5.2921,24.0791,High,train
2839,Fire,5914,1047,5,3,9.9,1.66,19.7,13100,ExitGate,5.6485,278.4823,Moderate,train
2123,Flood,10073,1444,1,4,5.6,0.74,19.2,11511,HostelBlock,6.9758,115.6309,High,train
2534,Flood,1776,1321,3,5,5.1,0.94,2.8,3170,Cafeteria,1.3444,32.2253,Low,train
2355,Flood,14051,2833,4,5,5.6,0.97,2.2,2473,MainGate,4.9598,134.7082,High,train
881,Fire,8508,2444,5,1,6.5,0.75,5.6,15384,SportsGround,3.4812,16.9708,Moderate,validation
338,Fire,10261,783,5,5,4.8,0.88,9.4,9522,ExitGate,13.1047,276.7713,Critical,train
1731,Flood,11488,4399,3,5,4.1,1.48,15.1,15675,ExitGate,2.6115,79.2329,Moderate,test
2690,Other,6965,714,1,4,9.4,0.69,12.2,10170,SportsGround,9.7549,253.0811,High,train
2531,Chemical,3310,954,5,4,5.3,1.61,11.1,8810,None,3.4696,118.4244,Moderate,train
2645,Fire,10854,2821,1,4,5.0,1.71,18.7,2382,Cafeteria,3.8476,131.5879,Critical,train
2388,Chemical,7970,1686,2,5,6.5,0.61,18.3,10267,ExitGate,4.7272,93.7167,Moderate,test
578,Chemical,6681,4906,1,5,6.2,1.49,19.3,3610,AuditoriumRoad,1.3618,62.9015,High,train
2814,Chemical,2301,3113,4,5,11.3,0.76,16.0,1507,None,0.7392,31.7412,Low,test
625,Flood,2478,4390,2,5,6.2,1.7,17.1,3027,AuditoriumRoad,0.5645,29.7492,Moderate,train
2435,Flood,3204,4868,3,4,4.1,1.65,7.4,3319,Cafeteria,0.6582,17.8109,Moderate,train
2741,Flood,13866,505,4,5,11.7,1.24,2.9,5383,HostelBlock,27.4574,1991.7598,Critical,train
2052,Chemical,8792,3388,1,5,7.9,1.14,2.1,6497,MainGate,2.595,116.8529,Moderate,train
1337,Fire,9007,3574,2,4,8.3,1.6,3.7,4076,SportsGround,2.5201,133.8677,Moderate,train
1187,Earthquake,9144,964,1,5,7.0,1.69,6.7,991,None,9.4855,561.0673,Critical,train
2045,Other,10737,826,4,1,5.9,0.51,15.8,9363,Cafeteria,12.9988,39.1134,Critical,train
512,Other,668,1897,1,3,10.7,0.92,10.6,14768,AuditoriumRoad,0.3521,10.3982,Low,train
67,Fire,11038,4009,3,1,7.3,0.94,17.3,13973,ExitGate,2.7533,18.8931,Moderate,train
166,Fire,9976,4594,5,1,8.5,1.25,14.9,5272,Cafeteria,2.1715,23.0722,High,train
2251,Flood,12557,3355,5,2,11.5,1.46,17.2,1341,LibraryJunction,3.7428,125.6832,High,train
89,Other,11055,2861,4,5,2.8,0.61,6.5,2399,Cafeteria,3.864,32.9986,High,train
2932,Other,10174,2999,4,2,7.1,1.23,3.3,9903,SportsGround,3.3925,59.2534,Moderate,train
1172,Other,898,4141,3,2,6.9,1.44,7.0,3093,HostelBlock,0.2169,4.3102,Low,train
487,Other,3907,2765,5,2,6.8,1.03,2.1,3367,Cafeteria,1.413,19.7933,Low,train
773,Earthquake,7329,4807,4,4,3.6,1.43,5.4,14621,AuditoriumRoad,1.5247,31.3966,Low,train
2298,Earthquake,5219,2603,2,4,3.0,1.77,16.9,12944,AuditoriumRoad,2.005,42.5862,Moderate,train
2001,Chemical,13044,1096,4,3,5.7,0.91,19.2,8045,ExitGate,11.9015,185.1992,Critical,train
567,Chemical,3895,2795,2,3,11.0,1.35,3.6,6762,SportsGround,1.3936,62.0849,Low,train
41,Earthquake,13643,3000,2,2,2.7,0.75,7.9,14661,MainGate,4.5477,18.4182,Moderate,train
1712,Flood,11850,1585,1,2,12.0,1.47,15.2,11707,Cafeteria,7.4763,263.7639,High,train
1406,Other,2402,4107,5,1,5.5,1.11,18.3,2600,HostelBlock,0.5849,3.5708,Moderate,train
1268,Fire,6355,1134,2,1,4.0,1.47,5.0,7669,MainGate,5.6041,32.9521,High,train
1870,Earthquake,2201,3923,4,4,9.5,1.65,5.9,13742,Cafeteria,0.5611,35.181,Low,train
1654,Earthquake,13498,4265,3,5,9.4,0.98,10.4,4728,HostelBlock,3.1648,145.7707,High,train
1618,Fire,10297,4937,1,2,3.4,1.46,19.6,4919,ExitGate,2.0857,20.7068,High,train
1741,Fire,12857,3576,5,4,11.3,1.64,4.1,11878,LibraryJunction,3.5954,266.5198,Moderate,train
469,Other,3748,1202,4,5,11.9,1.63,5.1,14104,Cafeteria,3.1181,302.4089,Low,train
2740,Flood,13049,4538,3,5,7.9,1.41,2.4,12944,AuditoriumRoad,2.8755,160.151,Low,train
2019,Fire,5644,2612,1,2,5.8,1.23,13.0,4133,LibraryJunction,2.1608,30.8303,Moderate,train
86,Other,623,2551,1,2,11.6,1.59,12.4,839,AuditoriumRoad,0.2442,9.008,Low,train
1453,Other,9021,3038,3,3,4.7,1.54,11.1,7170,LibraryJunction,2.9694,64.4776,Moderate,train
1909,Other,8329,2578,1,2,3.6,0.51,5.6,11494,SportsGround,3.2308,11.8635,Moderate,train
1423,Chemical,6606,3932,5,2,4.9,0.96,6.1,5025,LibraryJunction,1.6801,15.8064,Moderate,train
2476,Chemical,5554,2444,3,5,9.1,0.65,8.5,9766,Cafeteria,2.2725,67.2092,Low,train
294,Flood,4940,2897,5,3,11.5,1.17,18.2,13855,MainGate,1.7052,68.8304,Moderate,train
2500,Flood,7031,3644,4,1,11.7,1.73,12.2,7187,LibraryJunction,1.9295,39.055,Moderate,train
587,Fire,4756,4983,5,5,10.3,0.77,5.3,1402,HostelBlock,0.9544,37.8467,Moderate,validation
2653,Chemical,2389,1548,2,3,8.3,1.21,3.3,3920,ExitGate,1.5433,46.4981,Low,test
1701,Earthquake,14445,1262,2,5,8.2,1.61,8.5,2059,AuditoriumRoad,11.4461,755.5571,Critical,test
1708,Fire,11364,543,5,3,8.0,1.45,17.2,8571,SportsGround,20.9282,728.3014,Critical,train
1476,Chemical,14649,2615,4,5,9.2,1.67,7.6,15905,AuditoriumRoad,5.6019,430.338,Moderate,train
1093,Other,11703,2820,5,1,12.0,1.55,3.9,11143,None,4.15,77.19,Moderate,train
2760,Chemical,7249,3298,1,4,3.9,1.59,8.8,12262,AuditoriumRoad,2.198,54.5192,Moderate,validation
2212,Other,7770,3866,2,3,10.5,1.17,13.3,3879,Cafeteria,2.0098,74.0712,Moderate,validation
2525,Earthquake,13655,4529,4,1,3.0,0.51,6.4,14080,None,3.015,4.613,Moderate,validation
1758,Other,2235,4830,5,5,9.5,0.84,15.2,14540,LibraryJunction,0.4627,18.4617,Low,train
690,Flood,11380,3912,5,2,7.0,1.05,15.3,851,AuditoriumRoad,2.909,42.7623,High,train
282,Other,6193,2031,3,2,6.8,0.84,17.5,9146,HostelBlock,3.0492,34.8341,Moderate,train
435,Other,5485,1759,5,1,9.8,1.31,17.2,5434,ExitGate,3.1182,40.0315,Moderate,train
907,Fire,6600,2172,1,5,6.2,1.12,7.9,7897,AuditoriumRoad,3.0387,105.5037,Moderate,train
1001,Fire,1456,1151,2,1,4.1,0.57,15.4,9579,ExitGate,1.265,2.9563,Moderate,train
1896,Other,2925,994,5,5,3.1,1.43,19.4,7565,Cafeteria,2.9427,65.2249,Moderate,validation
1499,Earthquake,2668,2120,4,3,7.0,1.63,4.3,15757,ExitGate,1.2585,43.0785,Low,train
2330,Other,3789,1916,1,3,6.6,0.53,3.5,9700,SportsGround,1.9776,20.7529,Low,train
2278,Fire,2219,4521,4,3,10.9,0.53,19.4,13706,MainGate,0.4908,8.5061,Low,test
722,Earthquake,3227,2138,3,1,3.4,1.6,19.0,9998,HostelBlock,1.5094,8.2111,Moderate,train
1641,Chemical,12898,4067,2,4,10.7,1.53,15.5,11134,AuditoriumRoad,3.1714,207.676,Moderate,test
896,Chemical,2400,1194,1,3,6.7,0.96,12.5,8122,HostelBlock,2.0101,38.7869,Moderate,train
157,Flood,6931,857,3,2,11.7,1.29,15.5,13341,ExitGate,8.0875,244.1293,High,validation
876,Chemical,7805,3645,4,5,8.4,0.94,18.9,13327,None,2.1413,84.5385,Low,train
481,Earthquake,10618,3687,1,1,10.3,1.11,12.8,1944,MainGate,2.8798,32.9248,High,train
2409,Other,2918,880,2,1,11.1,1.51,19.0,14952,SportsGround,3.3159,55.5778,Moderate,train
1778,Earthquake,2995,2095,2,2,8.3,1.16,3.3,7893,AuditoriumRoad,1.4296,27.5284,Low,train
1688,Flood,6121,1842,1,3,5.4,1.21,11.9,1623,MainGate,3.323,65.1374,High,train
1115,Earthquake,2078,745,2,3,6.6,0.74,6.4,4025,HostelBlock,2.7893,40.8688,Low,test
1611,Fire,10128,2586,1,3,3.7,0.99,11.9,6940,None,3.9165,43.0384,High,train
1572,Other,10775,3438,4,4,9.7,1.62,5.0,1200,HostelBlock,3.1341,196.997,Moderate,train
1178,Earthquake,14074,806,1,4,9.8,1.29,17.1,15631,LibraryJunction,17.4615,882.9931,Critical,test
1807,Flood,6601,2806,2,1,9.3,1.08,4.5,7106,Cafeteria,2.3525,23.6285,Moderate,train
1419,Flood,1840,1800,2,5,4.6,1.71,14.9,9360,Cafeteria,1.0222,40.2031,Moderate,test
1198,Other,14906,3424,2,4,9.3,1.72,16.0,5295,SportsGround,4.3534,278.5479,High,train
2986,Chemical,7762,4276,4,2,8.9,1.66,9.0,15953,Cafeteria,1.8152,53.6355,Low,test
2453,Chemical,2911,588,3,3,9.8,0.98,6.1,14296,LibraryJunction,4.9507,142.6396,Moderate,train
62,Fire,4333,3953,1,4,2.7,1.2,20.0,6233,SportsGround,1.0961,14.2055,Moderate,train
2658,Chemical,12243,3422,4,5,8.5,0.96,15.6,10975,LibraryJunction,3.5777,145.9702,Moderate,train
1349,Chemical,13761,4438,1,3,10.2,1.58,15.1,1153,HostelBlock,3.1007,149.9126,High,test
36,Earthquake,9389,4003,1,1,3.2,1.65,18.3,9438,None,2.3455,12.3842,High,train
1515,Fire,13409,1552,1,2,3.2,0.99,4.8,13631,SportsGround,8.6398,54.7418,High,train
502,Chemical,8385,3953,2,5,7.6,0.91,10.8,4611,None,2.1212,73.3511,Moderate,train
144,Flood,4071,1709,1,2,4.9,0.73,4.8,12937,MainGate,2.3821,17.0415,Moderate,validation
1588,Chemical,7191,3214,1,2,11.7,0.6,10.7,4580,None,2.2374,31.4131,Moderate,train
760,Earthquake,6339,4870,1,3,7.7,1.12,6.4,5050,LibraryJunction,1.3016,33.675,Moderate,train
381,Other,14871,3971,4,3,6.9,0.78,7.4,9030,Cafeteria,3.7449,60.4652,Moderate,train
147,Other,5285,1107,4,4,2.9,0.98,7.2,11062,MainGate,4.7742,54.2731,Moderate,train
1094,Earthquake,1898,3869,4,5,11.3,0.63,10.0,10022,None,0.4906,17.4629,Low,train
2413,Other,14213,2351,4,5,7.3,1.22,12.1,11889,SportsGround,6.0455,269.2061,High,train
1965,Earthquake,14395,3661,5,1,6.9,0.96,16.7,3265,HostelBlock,3.932,26.0456,High,train
1477,Other,7013,583,4,4,5.1,1.67,16.7,8498,AuditoriumRoad,12.0292,409.8108,Critical,validation
255,Earthquake,9470,3213,1,5,11.2,0.8,18.2,11842,ExitGate,2.9474,132.0435,Moderate,train
579,Chemical,14689,3760,3,3,6.9,1.05,13.0,1393,LibraryJunction,3.9066,84.91,High,train
1877,Other,8488,4624,5,4,5.8,0.77,15.3,12049,HostelBlock,1.8356,32.7912,Moderate,train
1889,Other,2651,1348,3,2,3.5,0.87,16.2,11690,Cafeteria,1.9666,11.9766,Moderate,train
1667,Chemical,2471,2830,1,4,8.3,0.84,13.6,11967,MainGate,0.8731,24.349,Low,train
593,Other,4454,3092,5,5,12.0,0.96,4.3,9718,ExitGate,1.4405,82.9728,Low,train
2827,Flood,4172,3649,5,4,11.9,1.0,7.1,14127,SportsGround,1.1433,54.4211,Low,train
2466,Other,7091,2002,4,4,11.2,1.34,16.0,10564,None,3.542,212.6333,Low,train
892,Flood,9769,4663,4,2,9.4,1.52,16.2,10574,MainGate,2.095,59.8667,Moderate,train
887,Fire,5767,1927,5,2,4.2,0.53,17.2,15420,MainGate,2.9927,13.3235,Moderate,train
2159,Chemical,11958,4220,2,2,8.8,0.67,2.9,6616,None,2.8336,33.4138,Moderate,train
1561,Earthquake,14690,1378,1,1,8.4,1.61,19.0,15739,None,10.6604,144.1712,Critical,train
1901,Fire,4232,1912,3,4,10.5,0.68,16.6,8065,Cafeteria,2.2134,63.2147,Moderate,validation
367,Fire,9244,3755,3,3,7.4,1.69,2.2,11975,Cafeteria,2.4618,92.3618,Low,train
1426,Earthquake,12371,4933,5,4,4.0,1.64,15.6,12296,HostelBlock,2.5078,65.8047,Moderate,validation
2897,Earthquake,9454,1621,5,4,7.1,1.07,7.3,14433,MainGate,5.8322,177.2289,Moderate,test
1302,Chemical,2866,3009,4,5,4.3,0.53,16.6,7978,Cafeteria,0.9525,10.8537,Moderate,train
2118,Other,1774,4564,2,1,3.9,0.6,5.6,4491,Cafeteria,0.3887,0.9096,Moderate,train
2930,Flood,3661,4534,3,4,10.7,0.62,9.3,14083,MainGate,0.8075,21.4278,Low,train
1347,Chemical,12030,4286,1,1,9.6,1.39,9.3,9015,ExitGate,2.8068,37.4539,Moderate,train
186,Flood,2253,1104,3,1,6.8,1.38,8.2,14884,LibraryJunction,2.0408,19.1509,Moderate,train
1616,Flood,4143,4020,2,2,8.4,1.24,6.8,9554,HostelBlock,1.0306,21.4695,Low,train
1230,Flood,12613,2869,4,2,9.5,1.44,12.6,13936,MainGate,4.3963,120.2828,Moderate,test
1336,Flood,9455,3380,4,4,12.0,0.53,19.5,9616,ExitGate,2.7973,71.1633,Moderate,train
2317,Other,6560,866,1,5,10.1,0.94,11.8,14305,MainGate,7.5751,359.59,High,train
223,Chemical,6221,2916,5,2,4.6,0.67,4.8,12750,HostelBlock,2.1334,13.1503,Low,validation
672,Fire,1806,2365,2,4,10.8,0.99,6.0,8216,ExitGate,0.7636,32.6576,Low,validation
1827,Other,13280,3210,1,5,9.1,0.8,17.2,7596,AuditoriumRoad,4.1371,150.5904,High,train
2285,Earthquake,11788,963,4,5,10.5,0.85,12.2,3114,AuditoriumRoad,12.2409,546.2502,Critical,train
2850,Earthquake,13939,4997,2,5,6.0,1.46,2.4,980,MainGate,2.7895,122.1801,Moderate,train
458,Chemical,6630,3496,2,5,9.5,0.88,10.4,8862,MainGate,1.8965,79.2737,Low,train
32,Other,2784,2834,4,5,9.2,1.3,19.8,11214,None,0.9824,58.7475,Low,train
1164,Flood,11514,4444,3,1,3.7,1.26,11.2,12246,None,2.5909,12.0788,Moderate,validation
1745,Other,7207,860,4,2,3.8,1.53,14.6,1964,LibraryJunction,8.3802,97.445,Critical,train
2648,Fire,11754,979,5,3,10.3,0.76,10.8,7868,AuditoriumRoad,12.0061,281.9513,Critical,train
1306,Flood,13119,3229,1,1,5.4,1.5,16.4,8015,Cafeteria,4.0629,32.9095,Critical,train
1925,Other,12282,4703,2,5,11.8,1.76,8.7,15778,None,2.6115,271.1782,Low,test
955,Chemical,11100,559,5,1,3.4,1.18,2.1,10379,AuditoriumRoad,19.8569,79.6659,Critical,train
1853,Earthquake,3112,2859,5,2,5.4,1.3,4.1,1859,Cafeteria,1.0885,15.2825,Moderate,train
1961,Flood,1975,622,4,5,7.4,1.01,14.8,9655,LibraryJunction,3.1752,118.6572,Moderate,validation
1543,Chemical,7518,1709,4,5,4.0,1.08,7.7,15850,AuditoriumRoad,4.3991,95.0206,Moderate,train
1013,Other,8212,3949,5,4,10.1,1.43,7.8,13023,Cafeteria,2.0795,120.1369,Low,test
335,Chemical,11444,3549,1,5,8.1,1.69,3.3,1556,SportsGround,3.2246,220.7077,High,validation
447,Flood,6449,4085,4,1,7.0,1.19,4.5,6906,AuditoriumRoad,1.5787,13.1506,Moderate,validation
1220,Other,9463,2339,5,5,8.5,1.45,11.7,2486,None,4.0457,249.3163,Moderate,validation
2360,Fire,8973,1488,2,4,5.7,0.79,10.1,7368,MainGate,6.0302,108.616,High,train
1913,Other,11120,4478,4,1,11.2,0.55,15.5,4803,SportsGround,2.4833,15.2971,High,train
2140,Fire,3357,3348,3,4,6.0,1.11,12.5,14576,LibraryJunction,1.0027,26.7119,Low,validation
1858,Earthquake,12437,1726,1,2,6.0,1.17,15.3,3247,HostelBlock,7.2057,101.168,Critical,train
2605,Flood,9588,2324,3,1,10.9,1.26,13.3,9486,None,4.1256,56.661,Moderate,validation
2025,Fire,7556,3449,5,3,5.8,0.97,9.1,3874,LibraryJunction,2.1908,36.9763,Moderate,train
2066,Fire,14375,3597,5,1,10.7,0.71,15.5,9198,SportsGround,3.9964,30.3607,High,train
2204,Other,7747,1456,5,1,5.8,1.27,12.4,9236,SportsGround,5.3207,39.1923,High,test
837,Earthquake,9567,3527,3,1,7.5,0.65,7.5,6635,AuditoriumRoad,2.7125,13.2234,Moderate,train
850,Fire,1049,1490,2,2,9.6,1.26,10.9,12827,Cafeteria,0.704,17.0312,Low,train
2489,Fire,3777,2706,3,5,6.1,1.35,13.6,5972,ExitGate,1.3958,57.4721,Low,train
19,Earthquake,9841,2385,2,1,3.2,1.32,6.1,15334,None,4.1262,17.4291,Moderate,train
1542,Chemical,3546,2638,2,3,2.7,1.35,15.7,1789,HostelBlock,1.3442,14.6988,High,train
2927,Fire,14853,4408,3,5,8.3,1.31,3.0,3141,LibraryJunction,3.3696,183.1883,Moderate,validation
76,Fire,5053,2090,2,3,4.2,0.52,11.6,4994,None,2.4177,15.8408,Moderate,validation
1659,Chemical,2861,2486,5,4,11.5,1.36,15.9,15673,None,1.1508,71.994,Low,validation
788,Other,7740,1164,4,4,8.5,0.85,13.8,5897,None,6.6495,192.1705,Moderate,train
2529,Earthquake,9055,4875,1,2,6.2,0.7,14.6,1983,Cafeteria,1.8574,16.1222,High,test
1879,Fire,4756,642,3,2,11.3,1.34,16.7,14511,HostelBlock,7.4081,224.3469,High,test
261,Earthquake,1544,1102,3,2,6.1,1.52,4.8,6883,HostelBlock,1.4011,25.982,Low,validation
1528,Flood,14458,3624,2,4,6.0,1.06,16.7,15333,LibraryJunction,3.9895,101.4929,Moderate,train
935,Fire,8743,3625,3,2,6.7,0.51,17.7,1646,SportsGround,2.4119,16.4829,High,train
2264,Chemical,6761,2192,1,3,11.4,1.53,11.6,3869,Cafeteria,3.0844,161.3943,High,train
2624,Fire,11361,3769,1,2,3.6,1.32,14.0,956,HostelBlock,3.0143,28.6479,High,train
2252,Flood,7427,1085,5,4,9.4,1.29,18.1,14356,MainGate,6.8452,332.0196,High,train
1161,Flood,12762,716,4,1,9.7,1.3,7.4,4475,HostelBlock,17.824,224.7606,Critical,train
2992,Other,12758,4359,2,2,3.1,1.26,16.2,11040,None,2.9268,22.8642,Moderate,test
1449,Chemical,1917,3068,5,2,9.3,1.43,13.6,9577,SportsGround,0.6248,16.6184,Low,validation
824,Other,14712,3793,5,3,9.4,0.91,8.2,14049,AuditoriumRoad,3.8787,99.5352,Moderate,validation
45,Chemical,1346,4033,3,5,5.5,1.6,15.0,5420,AuditoriumRoad,0.3337,14.6828,Low,validation
278,Earthquake,1799,4400,4,4,5.5,0.89,16.6,2385,None,0.4089,8.0063,Low,train
1074,Fire,3135,1082,4,3,11.9,1.77,15.7,7742,LibraryJunction,2.8974,183.0838,Moderate,train
2287,Earthquake,9112,2769,4,1,8.1,1.46,10.5,12696,Cafeteria,3.2907,38.9158,Moderate,test
2726,Chemical,10655,528,4,4,7.6,0.58,6.9,13676,MainGate,20.1799,355.812,Critical,train
2153,Chemical,2386,2146,5,2,8.4,0.8,4.5,2702,HostelBlock,1.1118,14.9426,Low,test
2698,Chemical,6678,2263,5,3,7.3,1.36,19.9,2299,LibraryJunction,2.951,87.8926,High,train
1865,Flood,12153,2475,1,4,3.0,1.63,14.9,2481,ExitGate,4.9103,96.0455,Critical,train
2439,Other,7250,3459,2,2,3.1,1.59,13.6,807,SportsGround,2.096,20.6624,High,train
68,Chemical,6134,4051,4,2,6.6,1.45,19.4,4925,ExitGate,1.5142,28.9818,Moderate,train
1637,Other,1298,846,4,2,2.5,1.1,16.4,11600,Cafeteria,1.5343,8.4387,Moderate,train
2314,Fire,4120,4214,5,1,8.3,0.5,11.4,13084,MainGate,0.9777,4.0575,Low,test
2086,Earthquake,9760,4960,2,2,10.0,0.7,9.5,2406,AuditoriumRoad,1.9677,27.5478,Moderate,train
2373,Earthquake,4452,3945,2,4,7.3,1.55,16.2,14516,MainGate,1.1285,51.0759,Low,train
2262,Other,10789,1601,3,3,3.7,1.44,2.8,1467,HostelBlock,6.7389,107.7146,Critical,test
2555,Other,11331,2387,1,4,7.2,0.62,9.6,6182,ExitGate,4.747,84.7624,High,validation
2255,Flood,7170,2188,4,2,7.5,1.01,11.4,1859,LibraryJunction,3.277,49.6466,High,train
470,Chemical,13218,1669,5,2,8.4,1.16,5.0,11732,HostelBlock,7.9197,154.3391,High,test
2172,Earthquake,13576,4920,2,2,11.8,0.88,10.0,15324,None,2.7593,57.3051,Low,train
2514,Chemical,4261,3036,3,4,4.9,1.42,7.7,1688,SportsGround,1.4035,39.0622,Moderate,train
372,Earthquake,4793,3047,4,1,11.7,0.8,7.4,12685,ExitGate,1.573,14.7233,Low,train
256,Flood,1418,881,3,5,7.9,0.54,18.7,5652,None,1.6095,34.3306,Low,train
425,Flood,10071,3881,5,3,10.5,1.21,7.7,12572,SportsGround,2.5949,98.9046,Low,validation
723,Other,14210,1815,5,5,4.8,1.24,3.8,9972,None,7.8292,232.997,High,train
2881,Earthquake,2423,3923,4,2,7.7,0.64,10.2,4554,ExitGate,0.6176,6.0871,Low,train
720,Chemical,12892,654,4,4,2.9,0.64,16.3,8912,None,19.7125,146.3456,Critical,test
680,Chemical,5046,3436,2,1,2.7,1.37,4.9,8024,None,1.4686,5.4324,Moderate,train
2396,Earthquake,14920,742,2,4,12.0,1.78,16.3,727,MainGate,20.1078,1718.0104,Critical,train
103,Flood,6341,3436,4,2,4.8,1.04,14.3,3450,LibraryJunction,1.8455,18.4255,Moderate,train
1075,Earthquake,848,4499,3,3,6.3,1.61,18.5,2613,ExitGate,0.1885,5.7359,Low,test
1118,Earthquake,11935,2777,5,1,8.0,1.34,14.3,7630,HostelBlock,4.2978,46.0724,High,test
418,Earthquake,11941,4375,3,4,3.6,1.49,6.0,6092,HostelBlock,2.7294,58.562,High,train
1630,Flood,14265,1660,4,3,10.8,0.74,9.4,3230,MainGate,8.5934,206.0354,Critical,train
2394,Fire,10305,1791,5,3,3.6,0.85,11.9,9955,SportsGround,5.7538,52.8199,High,train
1113,Fire,13567,2725,3,5,3.5,1.0,5.6,6282,HostelBlock,4.9787,87.1272,High,train
2331,Other,7708,1674,1,1,3.4,1.64,18.3,3785,LibraryJunction,4.6045,25.6747,Critical,train
2864,Other,3454,4711,3,5,4.4,0.89,15.3,4246,HostelBlock,0.7332,14.3561,Moderate,train
274,Earthquake,10974,2533,3,2,8.6,0.56,19.7,11599,Cafeteria,4.3324,41.7297,Moderate,train
1214,Fire,11314,632,3,5,9.3,1.28,8.3,1769,ExitGate,17.9019,1065.5211,Critical,train
612,Chemical,11880,2123,5,1,11.7,1.48,10.4,2659,MainGate,5.5959,96.8986,Critical,train
371,Earthquake,11513,3215,2,1,9.6,1.7,18.1,831,HostelBlock,3.581,58.4419,High,validation
416,Other,6955,3804,1,5,7.7,1.57,16.3,10642,AuditoriumRoad,1.8283,110.5116,Moderate,validation
248,Fire,10715,4941,1,5,2.8,1.6,19.0,11448,None,2.1686,48.5766,Moderate,train
94,Fire,7683,2496,5,2,6.1,1.7,11.1,14906,LibraryJunction,3.0781,63.8398,Moderate,validation
1197,Chemical,10130,1562,4,4,8.7,1.35,3.4,15874,SportsGround,6.4853,304.6794,Moderate,train
2998,Chemical,12469,2261,4,3,6.3,0.6,15.1,8206,ExitGate,5.5148,62.5378,High,train
1065,Fire,9983,2235,1,3,4.3,0.76,18.7,4437,AuditoriumRoad,4.4667,43.7915,Critical,train
1687,Flood,2327,1314,3,2,8.7,1.37,9.5,15343,Cafeteria,1.7709,42.2147,Low,train
740,Fire,8305,2657,5,4,8.4,0.96,19.6,5750,None,3.1257,100.8226,Moderate,train
2358,Flood,2034,4333,4,1,6.6,1.22,11.2,13266,ExitGate,0.4694,3.7796,Moderate,test
141,Earthquake,11824,3813,4,3,3.6,0.53,7.8,13628,ExitGate,3.101,17.7501,Moderate,train
832,Chemical,1805,4221,2,4,10.4,0.61,3.1,15057,LibraryJunction,0.4276,10.8508,Low,validation
1427,Earthquake,6450,835,3,1,8.5,1.05,5.0,12128,ExitGate,7.7246,68.9421,High,train
2230,Fire,8213,550,1,2,5.2,1.45,5.9,3223,None,14.9327,225.1851,Critical,train
689,Earthquake,1991,1130,2,3,3.6,0.69,4.7,3846,None,1.7619,13.1297,Low,test
2560,Earthquake,11889,3140,5,4,5.0,1.37,10.3,9461,None,3.7863,103.7446,Moderate,train
2095,Fire,2690,707,4,2,9.4,0.59,5.4,8087,SportsGround,3.8048,42.2028,Low,train
88,Chemical,7900,1247,3,4,5.7,1.37,17.4,5903,Cafeteria,6.3352,197.8863,High,train
1634,Other,3260,4871,2,1,5.6,0.72,6.9,13825,None,0.6693,2.6986,Low,train
521,Chemical,4822,1337,3,2,9.3,1.45,6.2,2968,None,3.6066,97.27,Moderate,train
2312,Fire,2927,1040,2,4,9.0,1.47,17.6,6386,HostelBlock,2.8144,148.938,Moderate,test
574,Earthquake,14161,2007,4,4,7.0,0.71,6.1,7194,None,7.0558,140.2693,High,train
1684,Other,1446,891,3,5,10.2,1.21,9.5,8720,AuditoriumRoad,1.6229,100.1492,Low,train
1666,Other,14897,1892,4,4,3.5,1.27,13.1,9119,MainGate,7.8737,139.9944,Critical,train
1974,Other,5623,2379,2,3,2.6,1.62,17.5,13407,MainGate,2.3636,29.8664,Moderate,train
2035,Chemical,3530,599,5,1,2.5,0.95,18.9,14889,SportsGround,5.8932,13.9963,High,train
2985,Earthquake,11899,4405,1,4,10.9,1.59,17.9,5439,AuditoriumRoad,2.7012,187.258,High,train
400,Earthquake,7028,1448,4,4,3.7,0.83,14.6,3866,None,4.8536,59.6216,High,train
2937,Other,12922,4726,3,5,4.6,1.4,18.3,13940,SportsGround,2.7342,88.0412,Moderate,train
1417,Other,3392,4685,2,2,9.9,0.76,15.4,9111,LibraryJunction,0.724,10.8948,Low,train
1193,Other,12744,3671,4,2,6.6,1.05,4.5,7675,MainGate,3.4715,48.115,Moderate,train
121,Flood,12887,3191,2,5,2.5,1.62,4.6,2629,AuditoriumRoad,4.0385,81.7796,High,test
2543,Fire,2317,860,5,1,8.6,1.06,17.1,10721,MainGate,2.6942,24.5603,Moderate,train
2633,Fire,932,2657,3,3,11.8,1.2,3.9,1750,AuditoriumRoad,0.3508,14.902,Low,train
1674,Flood,13512,2028,4,4,8.8,1.02,14.8,5801,ExitGate,6.6627,239.2176,Critical,train
2461,Flood,14655,2932,1,5,6.0,1.17,13.0,1049,None,4.9983,175.4403,High,train
179,Chemical,11325,1756,4,3,6.0,1.49,12.3,9174,HostelBlock,6.4493,172.9702,High,validation
354,Fire,2864,2347,4,1,10.1,0.54,2.4,4778,MainGate,1.2203,6.6555,Low,test
1489,Other,9563,4402,4,3,9.0,1.0,18.4,4393,ExitGate,2.1724,58.6548,High,train
2647,Chemical,10776,1088,3,1,4.7,1.49,17.1,11438,ExitGate,9.9044,69.3605,Critical,train
2718,Fire,4349,4988,3,3,4.1,0.92,15.6,8640,AuditoriumRoad,0.8719,9.8664,Moderate,train
1514,Fire,4569,2807,1,4,11.2,0.61,14.0,5720,MainGate,1.6277,44.4818,Moderate,test
1213,Earthquake,14299,4651,4,5,5.5,1.22,6.1,12207,AuditoriumRoad,3.0744,103.1461,Moderate,train
51,Chemical,11969,2092,4,4,6.3,0.69,14.4,15125,MainGate,5.7213,99.482,Moderate,validation
2449,Fire,13615,868,3,4,10.2,1.12,17.5,2139,ExitGate,15.6855,716.7646,Critical,train
386,Other,11444,2321,5,4,11.1,1.37,11.1,14351,LibraryJunction,4.9306,299.9185,Moderate,validation
2231,Flood,6661,2540,2,2,11.5,1.71,3.2,12249,ExitGate,2.6224,103.139,Low,validation
2604,Chemical,12545,3399,4,4,5.3,1.16,19.7,9888,HostelBlock,3.6908,90.7642,High,train
2445,Other,11231,2326,1,2,11.8,1.65,16.2,2378,None,4.8285,188.0218,High,train
2040,Other,8047,2479,5,3,9.1,0.66,18.0,4068,SportsGround,3.2461,58.4882,High,validation
550,Other,12830,958,3,3,10.9,1.06,18.7,2474,SportsGround,13.3925,464.2108,Critical,train
2098,Other,5951,3333,2,5,9.9,0.73,15.0,10345,LibraryJunction,1.7855,64.519,Low,train
2544,Flood,9811,2272,1,5,3.6,0.71,16.5,4387,None,4.3182,55.1866,High,validation
1711,Flood,6844,1438,5,2,9.6,1.4,12.4,13843,MainGate,4.7594,127.9327,Moderate,train
272,Other,4339,2482,2,4,10.0,0.6,19.8,8351,Cafeteria,1.7482,41.9568,Moderate,train
380,Earthquake,10806,1583,2,5,10.1,0.79,13.0,15950,AuditoriumRoad,6.8263,272.3352,Moderate,train
528,Other,9720,844,4,5,4.0,1.5,6.5,8690,MainGate,11.5166,345.498,Critical,validation
2122,Flood,5973,3943,2,2,11.4,1.39,18.2,11940,AuditoriumRoad,1.5148,48.007,Moderate,train
2442,Chemical,8865,674,2,4,7.1,0.55,9.2,7057,MainGate,13.1528,205.4467,Critical,train
1239,Flood,4509,4540,1,2,11.9,1.45,4.1,6295,MainGate,0.9932,34.2753,Low,test
986,Earthquake,10892,2189,2,1,7.8,1.61,2.6,2543,AuditoriumRoad,4.9758,62.4861,High,train
3000,Other,9171,3640,2,5,2.7,0.98,4.4,7121,HostelBlock,2.5195,33.333,Moderate,train
293,Earthquake,13058,1640,2,2,10.2,1.24,11.6,10278,LibraryJunction,7.9622,201.4118,High,train
304,Fire,13587,3314,1,4,9.1,1.12,6.1,1963,MainGate,4.0999,167.1447,High,train
1371,Other,5233,2246,5,3,5.5,1.19,3.9,5416,SportsGround,2.3299,45.7476,Moderate,train
1764,Chemical,9104,3284,2,3,4.3,1.63,15.1,11455,MainGate,2.7722,58.291,Moderate,train
128,Chemical,14750,4199,2,4,5.7,1.09,9.5,2057,HostelBlock,3.5127,87.2976,High,test
1036,Flood,14454,2608,5,5,4.5,1.07,7.8,3841,Cafeteria,5.5422,133.4285,High,train
280,Chemical,10517,3818,2,2,8.6,1.06,2.5,10561,SportsGround,2.7546,50.2219,Low,validation
2173,Fire,13972,4614,5,4,7.3,1.25,8.0,4939,ExitGate,3.0282,110.5293,High,train
2487,Flood,13304,1904,4,4,6.2,0.52,2.6,2686,None,6.9874,90.1095,High,train
2835,Other,8736,4132,1,1,10.2,0.9,16.8,1234,LibraryJunction,2.1142,19.4084,High,train
1926,Flood,1211,1913,1,3,7.6,1.04,7.8,11421,MainGate,0.633,15.0097,Low,train
1006,Other,8115,2950,3,3,4.5,1.46,12.2,4062,AuditoriumRoad,2.7508,54.2183,High,train
2361,Chemical,13278,1991,3,5,2.6,1.44,11.9,13351,HostelBlock,6.669,124.8437,High,train
713,Other,10668,4838,1,5,4.3,1.32,15.8,10310,LibraryJunction,2.205,62.5779,Moderate,train
2576,Flood,11265,651,4,4,9.9,0.98,5.0,7929,Cafeteria,17.3041,671.5375,Critical,test
2436,Fire,14631,2563,2,1,3.4,1.73,16.3,4525,AuditoriumRoad,5.7085,33.5774,Critical,validation
1429,Other,7108,4042,1,1,10.7,0.86,15.0,5019,AuditoriumRoad,1.7585,16.1817,Moderate,train
1912,Chemical,1841,3986,3,3,8.5,0.53,3.2,2408,None,0.4619,6.2426,Low,train
2841,Flood,14323,568,5,4,7.2,0.76,10.1,8754,AuditoriumRoad,25.2165,551.9388,Critical,train
962,Chemical,13255,4579,1,3,10.4,1.8,19.8,8148,LibraryJunction,2.8947,162.5664,High,validation
428,Earthquake,8764,604,1,1,6.1,0.57,3.0,4874,LibraryJunction,14.5099,50.4509,Critical,train
1101,Other,1727,2169,1,1,6.7,1.32,12.7,955,MainGate,0.7962,7.0416,High,train
1188,Fire,4474,3952,2,3,10.9,0.58,5.7,13881,HostelBlock,1.1321,21.4714,Low,train
562,Fire,10927,4308,1,1,6.2,0.85,17.3,11315,HostelBlock,2.5364,13.3668,High,train
2149,Fire,11845,3070,2,5,10.7,1.0,12.5,1321,LibraryJunction,3.8583,206.419,High,train
2209,Chemical,7491,684,3,4,3.9,1.3,9.6,5489,MainGate,10.9518,222.1025,Critical,train
1255,Other,3732,3886,5,2,11.4,0.55,2.4,15906,MainGate,0.9604,12.0434,Low,train
1217,Fire,10389,2908,1,2,6.0,0.88,4.7,10186,None,3.5726,37.7267,Moderate,train
1027,Flood,10519,4173,1,4,3.1,1.04,18.8,8755,None,2.5207,32.5069,Moderate,test
1739,Earthquake,13778,1789,5,5,8.8,0.78,10.1,3320,ExitGate,7.7015,264.3155,Critical,train
2656,Flood,12928,2509,3,1,6.9,1.61,18.3,7615,AuditoriumRoad,5.1527,57.2413,Critical,test
2636,Earthquake,14590,4087,4,5,6.7,0.57,17.9,4303,AuditoriumRoad,3.5699,68.1672,High,test
1400,Fire,14084,1652,2,2,7.9,0.67,4.8,11888,ExitGate,8.5254,90.2499,High,train
2053,Other,12861,1371,1,5,6.6,1.2,8.0,9521,MainGate,9.3807,371.4757,Critical,train
1059,Fire,2022,2849,2,1,10.9,0.54,15.5,8745,LibraryJunction,0.7097,4.1773,Moderate,train
2830,Fire,4952,1552,1,1,10.2,1.4,15.2,11277,LibraryJunction,3.1907,45.5632,Moderate,validation
1854,Fire,2430,708,1,1,2.9,1.54,8.7,4261,SportsGround,3.4322,15.3282,High,test
2811,Fire,6272,4742,3,4,3.5,0.81,16.5,8153,SportsGround,1.3226,14.9983,Moderate,train
1768,Chemical,3741,2176,2,3,4.3,1.18,12.6,14974,MainGate,1.7192,26.1697,Moderate,train
2497,Earthquake,3437,1747,2,2,6.6,1.0,16.5,10401,Cafeteria,1.9674,25.9697,Moderate,train
290,Chemical,4589,1435,5,3,7.6,1.48,15.7,7731,SportsGround,3.1979,107.9099,Moderate,train
2838,Other,8945,1895,1,5,10.0,0.61,19.7,11549,Cafeteria,4.7203,143.9692,Moderate,test
724,Flood,11927,2277,2,3,4.1,1.48,2.1,12384,MainGate,5.238,95.3526,Moderate,train
2558,Chemical,5431,945,4,1,7.9,1.46,15.7,15776,Cafeteria,5.7471,66.2871,High,train
1880,Fire,1288,4270,3,2,11.6,1.63,12.3,15713,MainGate,0.3016,11.4053,Low,validation
1800,Chemical,5339,4829,5,3,11.8,1.48,6.5,3646,AuditoriumRoad,1.1056,57.9246,Moderate,train
2176,Flood,6984,3093,2,3,4.3,1.7,10.5,13521,LibraryJunction,2.258,49.5179,Moderate,test
2000,Flood,5159,620,1,5,10.6,1.49,19.6,9865,HostelBlock,8.321,657.1094,High,train
960,Earthquake,14510,3450,1,3,8.9,0.8,10.7,12611,MainGate,4.2058,89.8359,Moderate,train
860,Earthquake,13099,1164,1,5,2.8,1.58,14.1,11514,MainGate,11.2534,248.9252,Critical,train
931,Other,4011,608,1,5,9.7,0.66,6.3,7520,SportsGround,6.597,211.17,Moderate,train
345,Flood,526,2292,5,4,2.5,1.69,5.6,2637,HostelBlock,0.2295,3.8786,Low,train
2519,Flood,9210,2847,5,1,9.9,1.14,2.5,12784,Cafeteria,3.235,36.5102,Moderate,train
182,Earthquake,14172,1611,1,4,4.1,1.43,20.0,13779,HostelBlock,8.797,206.3072,Critical,validation
2018,Fire,2514,4716,4,2,10.1,1.55,3.5,15273,MainGate,0.5331,16.6914,Low,train
2536,Earthquake,5337,648,2,5,11.1,1.38,10.6,4966,HostelBlock,8.2361,630.8029,High,train
2395,Flood,3079,3570,1,4,11.6,0.51,12.5,13713,LibraryJunction,0.8625,20.4102,Low,train
1149,Earthquake,10665,3594,1,3,10.8,1.38,18.2,7860,LibraryJunction,2.9674,132.6784,Moderate,train
897,Chemical,7860,4195,4,4,6.0,1.15,6.9,904,LibraryJunction,1.8737,51.7141,Moderate,train
194,Other,7842,2480,1,3,6.8,0.68,2.9,15989,Cafeteria,3.1621,43.8647,Moderate,train
1028,Chemical,11614,2745,2,3,2.9,1.24,16.3,11867,SportsGround,4.231,45.644,High,train
1454,Other,14335,3076,1,5,3.0,1.48,12.6,13191,MainGate,4.6603,103.4587,High,train
645,Other,1131,1253,5,2,11.5,1.33,14.7,2465,MainGate,0.9026,27.6105,Low,validation
1920,Fire,3711,715,4,1,7.4,1.57,11.7,3310,MainGate,5.1902,60.2997,High,train
2664,Other,7844,4735,5,3,4.5,0.67,14.4,5243,None,1.6566,14.9839,Moderate,train
2922,Chemical,9647,3322,2,2,9.9,1.42,19.1,2361,LibraryJunction,2.904,81.6489,High,train
2165,Fire,10476,2540,2,4,7.9,1.72,16.3,2133,LibraryJunction,4.1244,224.1694,High,test
2327,Other,2817,3052,2,3,12.0,0.52,7.3,3112,MainGate,0.923,17.2786,Low,train
2423,Earthquake,9556,536,5,2,8.8,1.64,18.2,5667,LibraryJunction,17.8284,514.5989,Critical,train
2202,Fire,8277,4450,4,1,8.7,1.05,13.3,6565,LibraryJunction,1.86,16.9911,Moderate,train
2120,Flood,2902,1107,4,4,11.0,0.8,16.4,13123,LibraryJunction,2.6215,92.2768,Moderate,test
2849,Fire,8068,4404,4,2,6.6,1.77,17.0,6728,AuditoriumRoad,1.832,42.8028,Moderate,train
2031,Earthquake,2787,586,4,1,3.2,0.64,5.9,12287,LibraryJunction,4.756,9.7403,Moderate,train
479,Chemical,9664,3012,3,4,9.5,1.61,13.9,12752,SportsGround,3.2085,196.296,Moderate,test
2142,Flood,9482,2330,1,1,3.8,1.46,8.4,2734,MainGate,4.0695,22.5776,Critical,train
1276,Other,10711,4932,2,1,8.1,0.63,5.9,3421,AuditoriumRoad,2.1717,11.0822,High,train
1547,Flood,12041,957,2,4,3.1,0.59,4.7,9065,LibraryJunction,12.582,92.0499,Critical,train
2877,Other,9233,1720,4,4,11.1,1.55,8.2,11836,None,5.368,369.4258,Moderate,validation
2668,Other,13310,1351,1,4,10.1,0.6,10.2,1242,Cafeteria,9.852,238.8125,Critical,validation
543,Chemical,10029,4873,4,3,11.1,1.22,19.9,14342,HostelBlock,2.0581,83.6124,Moderate,train
994,Flood,6144,1228,3,3,3.9,1.54,6.9,2104,Cafeteria,5.0033,90.1495,High,test
899,Earthquake,1812,2365,1,1,5.9,1.21,8.0,11560,HostelBlock,0.7662,5.4699,Moderate,train
1628,Fire,10015,4736,5,2,10.5,1.77,8.6,12963,SportsGround,2.1147,78.6034,Low,validation
195,Other,4267,3925,2,3,11.4,1.44,5.4,3110,ExitGate,1.0871,53.5375,Low,train
332,Earthquake,3722,830,3,2,3.4,0.82,8.4,8912,None,4.4843,25.0045,Moderate,train
2979,Fire,11196,924,4,2,5.6,0.96,2.3,14260,MainGate,12.1169,130.2809,High,train
2272,Flood,5684,2177,5,3,6.4,0.85,19.6,2538,None,2.6109,42.6099,High,train
1680,Fire,7653,822,5,5,5.3,1.8,10.2,5161,HostelBlock,9.3102,444.0965,Critical,train
1936,Chemical,6755,4879,5,5,4.7,0.55,9.8,4735,Cafeteria,1.3845,17.8947,Moderate,test
1383,Earthquake,12443,4152,2,2,5.6,0.8,8.5,3760,AuditoriumRoad,2.9969,26.8522,High,validation
2682,Flood,3105,3453,5,4,10.4,0.96,17.0,2009,HostelBlock,0.8992,35.9105,Moderate,test
1062,Chemical,3786,958,4,2,10.3,1.77,12.9,1764,ExitGate,3.952,144.0978,High,validation
316,Flood,2156,1938,1,2,9.2,0.71,19.2,9068,AuditoriumRoad,1.1125,14.5337,Moderate,train
2813,Flood,8126,1867,4,4,6.8,1.47,15.6,2480,AuditoriumRoad,4.3524,174.0264,High,test
2390,Other,9954,4597,4,4,9.3,0.95,4.9,14435,MainGate,2.1653,76.5217,Low,validation
2721,Chemical,6249,750,1,5,11.9,1.41,8.1,7896,HostelBlock,8.332,699.0131,High,test
2807,Fire,6555,1804,4,2,3.4,1.68,14.6,5991,None,3.6336,41.5102,Moderate,train
956,Earthquake,12601,4376,3,5,6.6,0.98,18.0,5664,SportsGround,2.8796,93.1263,High,train
142,Earthquake,7355,1221,1,2,6.6,1.02,3.4,14762,AuditoriumRoad,6.0238,81.1044,Moderate,train
2879,Earthquake,10553,2626,4,1,10.1,1.57,13.3,10078,SportsGround,4.0187,63.7245,Moderate,train
2471,Chemical,11386,3788,4,1,6.4,0.77,17.1,12993,MainGate,3.0058,14.8126,Moderate,validation
2179,Flood,3777,3862,1,2,8.1,0.91,14.0,10028,Cafeteria,0.978,14.4177,Low,test
1596,Flood,2047,599,5,3,8.1,0.51,17.8,2745,HostelBlock,3.4174,42.3518,Moderate,train
2220,Other,10768,3415,2,1,11.2,1.74,9.0,2090,AuditoriumRoad,3.1531,61.4476,High,train
1405,Other,14899,3356,2,1,6.5,0.59,19.4,8109,Cafeteria,4.4395,17.0255,High,train
1470,Earthquake,13819,4821,1,2,11.5,0.9,12.6,15250,LibraryJunction,2.8664,59.3345,Moderate,train
2965,Chemical,13416,3997,5,4,5.2,0.77,12.8,14254,ExitGate,3.3565,53.7577,Moderate,test
413,Earthquake,390,947,2,5,10.6,1.61,17.6,1726,ExitGate,0.4118,35.1389,Low,test
2368,Other,14102,2810,2,1,8.4,1.63,12.4,5227,AuditoriumRoad,5.0185,68.7133,Critical,test
1520,Fire,8516,2014,1,1,4.2,0.76,4.6,9380,SportsGround,4.2284,13.4971,High,train
2181,Fire,6376,4034,1,3,8.8,1.31,2.5,11457,HostelBlock,1.5806,54.6635,Low,train
427,Chemical,9412,3385,4,5,7.9,1.37,9.5,12753,AuditoriumRoad,2.7805,150.4668,Moderate,validation
1479,Earthquake,2803,1444,4,1,4.2,0.93,19.0,4702,Cafeteria,1.9411,7.5819,Moderate,test
2213,Earthquake,13445,4894,5,1,12.0,0.88,12.5,958,AuditoriumRoad,2.7472,29.0104,High,test
2756,Fire,7979,2219,1,4,4.6,0.66,8.4,1040,SportsGround,3.5958,43.6674,High,train
1232,Earthquake,5071,2402,4,3,3.0,1.17,11.5,8826,Cafeteria,2.1112,22.2309,Moderate,train
197,Other,997,3390,1,3,7.2,1.65,13.8,8210,AuditoriumRoad,0.2941,10.4817,Low,train
2836,Other,5703,2389,3,1,5.7,1.65,12.8,3444,None,2.3872,22.4516,Moderate,validation
1721,Chemical,12016,2692,3,5,4.9,0.63,17.5,8962,AuditoriumRoad,4.4636,68.8957,High,train
2042,Chemical,5575,3237,1,2,4.0,0.95,2.2,8581,SportsGround,1.7223,13.0895,Moderate,train
364,Fire,1493,2948,4,1,7.3,1.67,16.4,11600,LibraryJunction,0.5064,6.1735,Moderate,train
2473,Flood,2817,4895,4,1,7.8,1.04,7.8,14976,SportsGround,0.5755,4.6685,Low,train
1978,Other,4147,3125,5,1,3.9,1.09,11.0,11330,AuditoriumRoad,1.327,5.6411,Moderate,train
817,Chemical,8511,843,1,2,8.5,1.63,18.4,3072,AuditoriumRoad,10.0961,279.7629,Critical,train
2490,Flood,3126,1165,1,3,10.2,1.71,4.6,3159,HostelBlock,2.6833,140.4064,Moderate,train
2058,Earthquake,8992,2912,2,2,3.8,1.73,3.1,1952,AuditoriumRoad,3.0879,40.5997,High,validation
2559,Flood,14087,2960,4,5,4.5,0.93,17.9,9572,SportsGround,4.7591,99.5842,High,train
1106,Earthquake,11461,2222,4,4,11.0,1.32,10.1,3139,LibraryJunction,5.158,299.5766,High,train
1222,Chemical,13290,2491,3,2,6.8,1.47,4.1,4449,ExitGate,5.3352,106.6613,High,train
2113,Earthquake,9553,2377,4,3,6.2,0.91,7.0,8301,None,4.0189,68.0239,Moderate,train
939,Fire,7912,1874,4,4,7.3,1.46,15.7,13928,ExitGate,4.222,179.9923,Moderate,train
2496,Chemical,14524,3385,5,4,12.0,0.82,8.6,15885,Cafeteria,4.2907,168.882,Moderate,train
1695,Fire,6545,4250,3,3,4.4,0.55,10.2,560,HostelBlock,1.54,11.1804,High,train
1140,Flood,3002,2185,2,3,8.6,1.42,7.2,550,MainGate,1.3739,50.3342,Moderate,validation
1951,Flood,1005,562,1,5,8.7,1.24,16.5,5394,AuditoriumRoad,1.7883,96.4609,Moderate,train
2057,Other,8619,1286,2,2,9.4,1.12,2.0,3410,SportsGround,6.7022,141.1215,High,train
1656,Other,8119,4054,3,3,11.4,0.89,19.5,7130,None,2.0027,60.9582,Moderate,train
475,Earthquake,7171,1300,2,3,7.0,0.8,17.5,5141,Cafeteria,5.5162,92.6722,High,train
815,Fire,13059,3287,3,1,9.8,1.22,18.1,14482,MainGate,3.9729,47.5,Moderate,validation
1983,Flood,2673,1345,1,5,7.2,1.01,16.7,15961,SportsGround,1.9874,72.2619,Moderate,train
1329,Flood,11200,4608,1,5,6.3,0.74,7.1,582,Cafeteria,2.4306,56.6573,High,train
13,Other,12502,4898,3,3,3.6,1.07,10.2,12330,AuditoriumRoad,2.5525,29.4967,Moderate,train
2837,Chemical,1008,2385,3,2,8.5,1.04,3.6,13120,Cafeteria,0.4226,7.4716,Low,validation
1218,Flood,13438,2232,3,5,9.3,1.46,16.1,12179,HostelBlock,6.0206,408.7385,High,train
1839,Earthquake,1504,2635,3,2,7.6,0.94,19.8,8418,LibraryJunction,0.5708,8.1556,Low,train
98,Chemical,6525,3623,2,4,11.7,0.66,19.4,5939,MainGate,1.801,55.6293,Moderate,train
1038,Other,9533,2047,4,2,8.7,0.53,4.9,3411,Cafeteria,4.6571,42.9478,High,train
1783,Earthquake,2723,3664,4,1,5.5,1.47,3.8,3375,SportsGround,0.7432,6.0088,Moderate,validation
629,Fire,9642,4974,3,1,11.8,1.24,14.7,2354,ExitGate,1.9385,28.3641,High,train
1652,Earthquake,9162,3997,5,3,11.9,0.77,19.8,3177,None,2.2922,63.0103,Moderate,test
486,Earthquake,12273,625,1,1,7.7,1.44,12.1,10050,HostelBlock,19.6368,217.7328,Critical,test
2851,Other,12868,1522,4,1,11.0,1.51,7.9,9534,SportsGround,8.4547,140.4326,High,train
2289,Fire,429,2872,3,2,4.1,0.63,11.6,10688,None,0.1494,0.7718,Low,train
247,Flood,12054,4502,4,4,4.1,1.53,5.0,12301,ExitGate,2.6775,67.1838,Moderate,train
17,Earthquake,9207,4393,2,3,7.5,1.29,19.4,15719,SportsGround,2.0958,60.8306,Moderate,validation
2622,Chemical,10170,4677,4,2,6.3,1.21,11.1,9519,ExitGate,2.1745,33.1524,Moderate,train
1224,Other,3964,3931,5,2,11.3,0.82,18.4,11544,LibraryJunction,1.0084,18.6877,Low,train
1117,Other,14925,3134,2,5,3.1,0.87,5.8,4062,MainGate,4.7623,64.2196,High,train
1927,Flood,6430,2047,5,1,5.3,1.02,15.8,11444,MainGate,3.1412,16.9813,Moderate,train
2367,Flood,3437,2282,3,1,11.8,1.74,13.7,13063,AuditoriumRoad,1.5061,30.9232,Moderate,test
468,Earthquake,842,4699,5,2,3.0,0.84,5.2,7142,None,0.1792,0.9032,Low,validation
1791,Flood,5042,4777,2,5,9.9,1.25,13.5,9818,SportsGround,1.0555,65.3091,Low,train
2376,Flood,4453,3467,2,4,10.6,1.33,15.7,13805,ExitGate,1.2844,72.4299,Low,train
498,Earthquake,10239,3462,3,2,7.7,0.81,10.5,10544,HostelBlock,2.9575,36.8919,Moderate,test
1138,Earthquake,2019,2539,2,1,3.0,0.55,6.8,1578,MainGate,0.7952,1.3121,Moderate,train
244,Earthquake,10828,4871,3,3,5.0,1.17,11.0,2115,ExitGate,2.223,39.0136,High,test
1660,Earthquake,13553,3825,4,2,6.4,1.77,8.0,6568,MainGate,3.5433,80.277,High,train
1459,Earthquake,12517,4200,1,5,4.9,1.64,3.1,9627,None,2.9802,119.7444,Moderate,train
18,Fire,11204,3768,3,4,11.0,1.09,6.5,1549,HostelBlock,2.9735,142.6091,Moderate,train
2065,Earthquake,10001,1826,1,4,9.0,1.56,19.6,1712,ExitGate,5.477,307.5883,Critical,train
1421,Fire,12021,1615,3,1,3.2,1.42,14.0,3920,MainGate,7.4433,33.8224,Critical,test
2481,Earthquake,10857,3609,3,5,11.2,1.36,18.2,11215,MainGate,3.0083,229.1121,Moderate,train
49,Flood,11076,4722,5,3,3.4,1.74,6.2,5585,SportsGround,2.3456,41.6297,High,train
961,Flood,8000,4005,1,4,5.3,0.75,4.6,9020,None,1.9975,31.7602,Low,train
2626,Fire,12766,4684,2,1,8.7,1.13,18.5,6857,None,2.7254,26.7934,High,train
292,Flood,12907,1461,2,2,10.2,1.26,8.3,12144,Cafeteria,8.8344,227.0794,High,train
1233,Chemical,6492,3144,3,2,11.6,0.55,19.0,14956,SportsGround,2.0649,26.3481,Moderate,train
1370,Flood,1749,2995,4,3,8.6,1.2,5.3,13259,MainGate,0.584,18.0806,Low,validation
1228,Other,2288,3402,4,5,4.8,0.88,8.1,14012,HostelBlock,0.6725,14.2032,Low,test
1051,Flood,8297,3115,4,4,9.1,1.04,16.3,5963,LibraryJunction,2.6636,100.8332,Moderate,validation
1814,Flood,5231,2930,3,5,3.0,1.75,17.6,5792,None,1.7853,46.8641,Moderate,train
904,Chemical,14174,4186,5,1,6.1,1.25,4.3,15955,None,3.386,25.8182,Moderate,train
925,Earthquake,3813,1017,1,2,9.4,0.56,11.2,13863,HostelBlock,3.7493,39.4726,Moderate,train
150,Earthquake,841,1913,2,4,11.9,1.18,13.0,6462,HostelBlock,0.4396,24.6915,Low,test
399,Fire,12836,2595,5,5,3.0,1.79,13.9,11208,None,4.9464,132.8108,Moderate,train
624,Flood,7273,2427,5,4,8.4,1.43,9.3,7630,SportsGround,2.9967,143.9854,Moderate,train
2683,Flood,6823,3642,3,3,7.8,0.59,10.8,15200,Cafeteria,1.8734,25.8642,Low,train
1030,Other,3590,2724,2,1,4.0,0.78,14.5,14904,ExitGate,1.3179,4.1118,Moderate,train
1589,Flood,12856,1946,4,1,5.4,0.79,17.6,10061,ExitGate,6.6064,28.1829,Critical,train
1508,Earthquake,6011,1180,5,4,2.7,1.66,9.5,3269,HostelBlock,5.0941,91.327,High,test
1378,Flood,12017,4429,5,4,11.5,1.73,16.1,6890,ExitGate,2.7133,215.9244,Moderate,train
363,Chemical,13975,999,4,5,6.5,1.2,17.6,8279,SportsGround,13.989,545.571,Critical,train
1189,Fire,8286,2430,1,5,11.1,1.41,15.8,1079,HostelBlock,3.4099,266.8417,High,validation
628,Chemical,3898,3410,2,4,8.2,1.25,17.2,4378,AuditoriumRoad,1.1431,46.8671,Moderate,train
1490,Flood,5854,2548,4,4,11.2,0.7,11.7,6400,SportsGround,2.2975,72.0496,Moderate,test
658,Chemical,11309,4254,5,2,9.5,0.8,3.3,12549,LibraryJunction,2.6584,40.4077,Low,validation
1578,Earthquake,5162,3826,2,5,8.6,1.74,5.4,765,None,1.3492,100.9471,Moderate,validation
937,Earthquake,7183,1140,4,3,4.1,0.76,9.6,10426,SportsGround,6.3009,58.9008,Moderate,train
2996,Fire,12252,990,2,3,8.1,1.48,8.5,7404,MainGate,12.3758,445.0833,Critical,train
518,Earthquake,4508,2307,1,4,8.4,1.17,16.4,10546,AuditoriumRoad,1.9541,76.8196,Moderate,train
1123,Other,6644,885,3,4,7.2,1.33,18.4,14312,HostelBlock,7.5073,287.5596,High,train
1154,Earthquake,5210,4500,1,4,5.8,1.58,2.9,2756,HostelBlock,1.1578,42.4403,Moderate,train
379,Chemical,11303,2344,2,3,8.7,1.17,17.6,13075,None,4.8221,147.2525,Moderate,train
1291,Earthquake,929,4132,3,5,4.4,1.16,5.1,12736,None,0.2248,5.7369,Low,train
2776,Earthquake,11674,1840,4,4,5.3,1.06,17.6,14865,SportsGround,6.3446,142.5759,High,train
2855,Fire,5927,4524,4,1,8.5,1.34,15.9,10160,SportsGround,1.3101,14.922,Moderate,validation
264,Chemical,4981,601,4,4,9.9,1.44,12.1,4477,LibraryJunction,8.2879,472.6092,High,train
637,Chemical,2576,1191,5,2,10.5,1.48,9.4,6777,SportsGround,2.1629,67.2229,Low,train
2925,Chemical,8989,1216,1,4,9.1,1.5,19.0,11182,None,7.3923,403.6196,High,train
216,Flood,3068,805,4,2,11.4,0.55,17.1,13409,ExitGate,3.8112,47.7924,Moderate,train
1210,Fire,345,4103,4,1,11.7,1.12,17.2,4069,Cafeteria,0.0841,1.102,Moderate,train
438,Fire,12531,2289,5,5,7.0,1.23,15.5,11138,None,5.4744,235.6729,Moderate,train
2892,Other,14665,4070,5,3,4.6,1.53,18.0,11734,LibraryJunction,3.6032,76.078,High,test
2188,Fire,12470,3771,3,1,8.2,1.44,5.9,11288,LibraryJunction,3.3068,39.0467,Moderate,train
1747,Fire,742,745,1,1,9.9,1.4,17.5,12347,None,0.996,13.8046,Moderate,train
2156,Fire,12502,3345,3,2,11.0,0.57,7.0,6565,SportsGround,3.7375,46.8682,Moderate,train
2792,Chemical,11624,1202,2,4,2.6,0.94,14.2,10438,AuditoriumRoad,9.6705,94.5388,Critical,train
684,Flood,10343,4312,1,3,6.0,1.34,14.7,9687,SportsGround,2.3987,57.8566,Moderate,train
2709,Flood,7170,1111,1,4,7.9,1.37,10.7,15888,MainGate,6.4536,279.3893,High,train
493,Flood,4047,2135,2,3,4.5,0.76,6.5,10635,HostelBlock,1.8956,19.4489,Low,validation
1999,Chemical,2374,1212,4,3,6.8,1.75,11.4,9659,LibraryJunction,1.9587,69.9256,Moderate,train
1124,Flood,679,1341,2,1,10.3,0.68,19.9,14612,Cafeteria,0.5063,3.5461,Moderate,train
2891,Flood,12463,698,3,3,4.3,0.61,17.3,3827,AuditoriumRoad,17.8553,140.5034,Critical,train
1265,Fire,4329,4542,4,3,9.5,1.58,2.7,11788,Cafeteria,0.9531,42.9181,Low,train
431,Flood,7025,3674,3,5,3.0,1.47,5.7,14735,ExitGate,1.9121,42.1618,Moderate,train
1163,Earthquake,7740,4743,1,1,3.0,1.58,13.7,5963,MainGate,1.6319,7.7352,High,validation
1348,Chemical,13029,1076,4,3,10.9,1.2,14.9,10444,None,12.1087,475.1454,Critical,train
2271,Earthquake,4401,2588,1,4,3.2,1.66,13.2,11912,ExitGate,1.7005,36.1322,Moderate,train
1607,Other,3343,3009,3,5,8.9,0.86,12.8,11472,SportsGround,1.111,42.518,Low,train
55,Flood,7406,2749,1,3,4.7,0.94,18.1,1820,LibraryJunction,2.6941,35.7076,High,train
1990,Earthquake,259,785,2,1,6.8,1.48,18.5,557,HostelBlock,0.3299,3.3201,Moderate,train
1898,Fire,4477,3116,2,1,4.6,1.42,7.1,4591,None,1.4368,9.3852,Moderate,train
2844,Chemical,8043,4557,4,2,8.8,1.21,19.2,7203,SportsGround,1.765,37.5874,Moderate,train
2888,Chemical,5838,4613,1,3,8.7,0.57,8.6,13867,SportsGround,1.2656,18.8283,Low,train
2616,Flood,9426,3284,3,4,8.4,1.27,2.4,7387,LibraryJunction,2.8703,122.4814,Moderate,validation
802,Flood,11515,3455,4,3,3.3,0.68,5.4,13868,None,3.3329,22.4371,Moderate,test
1583,Chemical,12636,4493,1,4,4.9,0.62,6.4,14109,MainGate,2.8124,34.1763,Moderate,train
1216,Chemical,2544,2819,1,3,8.3,0.97,19.6,15202,HostelBlock,0.9024,21.7957,Moderate,train
2144,Other,9299,518,4,1,11.3,1.29,19.0,4777,HostelBlock,17.9517,261.6819,Critical,train
661,Fire,1233,2306,2,4,5.7,1.59,15.3,7086,HostelBlock,0.5347,19.3839,Low,train
1162,Chemical,14944,4950,5,3,3.0,1.6,4.3,11478,None,3.019,43.4736,Moderate,train
2590,Flood,12537,700,3,5,6.6,1.08,6.8,13198,Cafeteria,17.91,638.3124,Critical,train
2917,Fire,12119,2177,2,1,5.3,1.38,3.3,7988,Cafeteria,5.5668,40.7156,High,train
1733,Earthquake,6047,3358,4,5,9.1,0.53,3.8,10776,None,1.8008,43.4263,Low,train
673,Earthquake,2574,4070,2,5,6.8,1.0,4.5,12293,SportsGround,0.6324,21.5016,Low,train
2657,Fire,13529,3587,1,1,7.7,0.82,15.5,6719,SportsGround,3.7717,23.8145,High,train
1157,Other,1807,3769,3,3,8.2,0.73,9.8,14851,HostelBlock,0.4794,8.6091,Low,train
1835,Earthquake,12122,3620,5,3,9.0,1.24,2.6,2545,LibraryJunction,3.3486,112.1111,Moderate,train
2383,Chemical,9293,2023,5,3,12.0,1.08,9.7,2729,None,4.5937,178.6031,Moderate,test
277,Earthquake,1606,3907,1,2,5.8,0.95,16.1,9037,ExitGate,0.4111,4.5303,Moderate,train
1793,Chemical,1975,2059,2,2,5.3,0.68,19.4,7122,None,0.9592,6.9139,Low,test
1548,Other,12564,1252,3,3,5.7,1.04,15.5,8568,Cafeteria,10.0351,178.4642,Critical,train
1464,Chemical,3364,4576,5,2,12.0,1.7,18.9,15714,Cafeteria,0.7351,29.9921,Low,train
2354,Fire,14685,3678,2,3,9.0,1.3,15.5,1334,AuditoriumRoad,3.9927,140.1438,High,validation
2847,Chemical,7532,2095,4,1,11.5,1.79,7.8,3568,None,3.5952,74.0072,High,train
839,Other,13620,1999,4,1,3.7,0.95,17.7,7341,ExitGate,6.8134,23.9491,Critical,train
2121,Other,10882,4086,4,1,6.9,0.94,12.4,9190,ExitGate,2.6632,17.2735,Moderate,train
891,Flood,14199,2049,5,3,10.0,0.93,3.0,13535,AuditoriumRoad,6.9297,193.3386,Moderate,train
187,Earthquake,8438,4044,1,1,7.4,0.9,4.9,15814,SportsGround,2.0865,13.8961,Moderate,train
1550,Chemical,12697,1444,3,2,4.8,1.34,12.0,1359,SportsGround,8.7929,113.1119,Critical,train
2,Flood,720,3956,1,1,4.6,1.16,2.5,3757,Cafeteria,0.182,0.9712,Moderate,train
2083,Other,13549,1217,3,2,9.7,1.27,7.8,15900,HostelBlock,11.1331,274.2973,High,train
1716,Chemical,14453,2040,2,4,7.1,0.86,2.9,550,Cafeteria,7.0848,173.0392,High,train
2454,Fire,4801,839,4,2,4.4,1.06,14.7,1535,None,5.7223,53.3776,High,train
130,Chemical,1782,4037,3,2,7.8,1.26,12.1,5900,MainGate,0.4414,8.6762,Low,train
800,Other,3658,2033,2,1,9.6,1.29,17.7,2242,Cafeteria,1.7993,22.2825,High,test
2730,Flood,4671,510,1,1,9.4,1.22,10.1,13648,MainGate,9.1588,105.0331,High,train
1821,Fire,7631,1474,4,1,6.3,1.72,6.2,7136,LibraryJunction,5.1771,56.0991,High,train
2828,Chemical,14562,687,2,1,11.5,1.73,14.5,13890,Cafeteria,21.1965,421.7044,Critical,train
631,Chemical,11407,1139,5,5,5.5,0.57,8.2,13255,None,10.0149,156.9836,High,train
230,Fire,7548,3633,4,4,3.3,1.75,17.7,2678,HostelBlock,2.0776,47.9926,High,validation
2036,Flood,8498,873,5,3,3.1,1.21,13.3,15407,MainGate,9.7342,109.539,Critical,test
1280,Chemical,5559,4364,3,5,9.7,0.81,9.1,13179,Cafeteria,1.2738,50.0412,Low,train
804,Chemical,12811,2965,4,2,7.0,0.53,5.0,2997,ExitGate,4.3207,32.0596,High,validation
505,Chemical,9651,2129,5,5,4.2,1.51,8.4,11529,ExitGate,4.5331,143.7446,Moderate,train
2693,Earthquake,6418,1571,1,4,9.1,1.51,15.9,15949,MainGate,4.0853,224.5444,Moderate,train
1185,Chemical,1043,2388,5,5,5.6,0.79,18.9,15610,AuditoriumRoad,0.4368,9.662,Low,train
966,Flood,10751,1029,3,4,11.1,1.47,15.1,11213,Cafeteria,10.448,681.9201,Critical,train
440,Other,6522,1428,3,5,9.4,0.53,11.3,13123,HostelBlock,4.5672,113.769,Moderate,train
1840,Other,2947,3687,5,2,6.3,1.27,17.6,4141,HostelBlock,0.7993,12.7904,Low,train
1046,Fire,2978,4528,1,2,3.5,1.74,8.4,10587,HostelBlock,0.6577,8.0108,Moderate,test
581,Fire,5499,3887,4,1,4.2,1.27,14.8,3808,ExitGate,1.4147,7.546,High,train
2443,Fire,7966,949,4,2,6.2,0.78,11.5,15891,HostelBlock,8.3941,81.1877,High,train
164,Fire,7549,4342,5,1,11.1,0.52,5.9,2949,Cafeteria,1.7386,10.0352,Moderate,train
37,Earthquake,7241,1713,2,1,5.4,1.67,16.3,14601,None,4.2271,38.12,Moderate,train
2232,Other,10576,1672,4,4,4.0,1.5,11.6,9438,SportsGround,6.3254,151.8096,High,train
2801,Chemical,10164,1247,1,2,10.9,1.53,13.8,7132,SportsGround,8.1508,271.8618,Critical,train
266,Chemical,13023,4466,1,3,4.9,0.82,13.3,10228,SportsGround,2.916,35.1495,Moderate,train
2620,Chemical,10474,1078,4,4,7.2,0.91,12.7,1768,None,9.7161,254.6395,Critical,train
833,Earthquake,7509,2259,1,3,8.9,1.02,12.1,13260,Cafeteria,3.324,90.5258,Moderate,train
2765,Chemical,8374,4197,4,4,9.3,0.94,8.2,11294,ExitGate,1.9952,69.7682,Low,train
408,Flood,6766,1432,4,4,5.1,1.0,17.3,13605,Cafeteria,4.7249,96.388,Moderate,train
2162,Flood,6529,909,3,5,4.7,1.63,9.9,13420,ExitGate,7.1826,275.1295,High,validation
588,Chemical,14189,1690,1,5,10.5,0.89,18.6,1303,MainGate,8.3959,392.2984,Critical,train
2842,Chemical,9337,1275,5,1,9.6,0.68,9.6,4313,ExitGate,7.3231,47.8052,Critical,train
717,Chemical,1451,4272,1,2,11.3,1.12,7.6,6440,LibraryJunction,0.3397,8.5985,Low,train
1243,Fire,12218,2032,4,3,3.8,1.33,3.6,8959,SportsGround,6.0128,91.1661,High,train
2614,Earthquake,3353,4132,1,4,6.3,1.6,5.8,11022,MainGate,0.8115,32.7197,Low,validation
1344,Earthquake,14346,4688,2,2,6.8,1.44,6.3,8236,SportsGround,3.0602,59.931,Moderate,train
139,Other,4942,2593,3,1,2.6,1.47,5.2,6729,SportsGround,1.9059,7.2843,Moderate,train
1443,Chemical,5505,1173,2,4,10.3,0.82,4.8,4985,None,4.6931,158.5517,Moderate,train
1258,Other,8465,1105,4,1,2.6,1.58,12.9,2987,MainGate,7.6606,31.4697,Critical,train
232,Earthquake,11234,4292,5,4,7.6,1.57,6.5,6171,LibraryJunction,2.6174,124.9233,Moderate,train
1439,Earthquake,10677,4573,2,4,4.4,1.61,10.7,6021,ExitGate,2.3348,66.1589,High,train
1724,Other,3368,4440,2,1,9.5,1.44,9.6,11903,AuditoriumRoad,0.7586,10.3776,Low,train
1824,Fire,1918,4164,3,4,7.9,1.45,11.4,13117,LibraryJunction,0.4606,21.1047,Low,train
281,Other,6570,4018,1,2,4.5,1.48,16.6,1525,MainGate,1.6351,21.7795,High,train
1019,Chemical,6431,917,4,5,5.4,1.32,6.2,6007,Cafeteria,7.0131,249.9469,High,train
997,Fire,5855,1980,5,5,8.1,1.6,10.6,2590,AuditoriumRoad,2.9571,191.6201,High,train
337,Flood,683,4564,4,4,4.1,0.78,5.4,5085,ExitGate,0.1496,1.9137,Low,train
522,Earthquake,5801,2279,4,3,10.0,1.15,8.7,11918,None,2.5454,87.8163,Low,validation
1700,Flood,6160,4849,1,4,5.4,0.89,2.4,5171,HostelBlock,1.2704,24.4222,Moderate,train
1606,Earthquake,9939,2867,5,2,5.5,1.68,18.3,9773,SportsGround,3.4667,64.0646,Moderate,train
982,Other,4684,4428,1,5,4.2,1.13,13.6,7605,AuditoriumRoad,1.0578,25.1016,Moderate,train
1241,Fire,7300,814,1,5,5.5,1.59,13.9,14878,None,8.9681,392.1302,High,validation
801,Earthquake,295,646,4,1,2.6,1.35,10.3,7137,ExitGate,0.4567,1.603,Moderate,train
1571,Earthquake,11270,4551,5,4,5.9,1.06,12.8,14996,LibraryJunction,2.4764,61.9496,Moderate,train
1505,Chemical,12768,1896,1,5,9.0,1.56,18.8,10082,LibraryJunction,6.7342,472.7408,High,validation
597,Chemical,5792,3230,4,5,8.4,0.54,5.2,5915,HostelBlock,1.7932,40.6698,Low,train
260,Flood,6029,2368,5,4,6.6,1.38,13.9,1904,AuditoriumRoad,2.546,92.7559,High,train
2280,Flood,3567,4542,5,4,6.7,1.47,19.3,4144,SportsGround,0.7853,30.9377,Moderate,train
2953,Flood,10238,566,5,3,3.5,1.14,5.5,9333,MainGate,18.0883,216.517,Critical,train
323,Chemical,9261,1207,4,1,6.0,0.88,16.1,12617,SportsGround,7.6727,40.5119,High,train
2304,Earthquake,5437,1404,5,5,11.3,0.62,16.5,9355,Cafeteria,3.8725,135.6537,Moderate,test
461,Chemical,12675,2292,4,2,3.1,0.98,2.8,3887,HostelBlock,5.5301,33.6009,High,train
1553,Other,9861,2139,1,2,4.7,1.14,8.3,1820,HostelBlock,4.6101,49.4018,High,train
27,Flood,1021,968,5,4,7.3,1.61,4.8,8820,MainGate,1.0548,49.5883,Low,train
2820,Other,13702,1822,3,2,11.9,0.99,14.8,3715,ExitGate,7.5203,177.1933,Critical,train
1591,Chemical,6207,4564,4,1,9.2,1.67,8.6,9404,MainGate,1.36,20.895,Moderate,train
1504,Chemical,2057,2543,2,4,3.4,0.55,17.8,8246,Cafeteria,0.8089,6.0506,Moderate,train
302,Fire,11087,3546,2,1,6.3,0.9,14.6,4336,Cafeteria,3.1266,17.7278,High,train
1456,Chemical,10839,741,4,1,5.7,0.62,9.3,11984,Cafeteria,14.6275,51.6936,Critical,train
1256,Fire,13165,3759,4,1,4.0,0.89,6.1,13155,SportsGround,3.5023,12.4682,Moderate,train
985,Other,3160,1461,5,2,2.6,1.08,7.7,1141,LibraryJunction,2.1629,12.1468,High,test
2234,Chemical,11878,1646,3,1,6.4,1.77,7.9,6533,MainGate,7.2163,81.7462,Critical,train
1485,Other,5703,2092,4,1,10.8,0.59,6.4,9159,AuditoriumRoad,2.7261,17.3707,Moderate,train
1566,Earthquake,8349,804,4,4,6.4,1.76,12.4,1221,MainGate,10.3843,467.875,Critical,train
1558,Flood,6113,2985,4,1,8.7,0.8,18.0,14320,AuditoriumRoad,2.0479,14.2534,Moderate,train
1552,Fire,515,3742,5,3,7.2,1.37,14.5,9511,MainGate,0.1376,4.0719,Low,test
2260,Other,12796,597,3,2,3.7,1.01,15.4,2491,MainGate,21.4338,160.1962,Critical,train
613,Earthquake,7664,1296,3,4,7.0,1.73,4.6,15175,AuditoriumRoad,5.9136,286.4548,Moderate,train
340,Fire,8059,3441,5,4,5.8,1.24,7.8,4930,LibraryJunction,2.3421,67.3775,Moderate,train
2865,Other,10521,4014,2,4,10.4,0.78,19.6,14096,AuditoriumRoad,2.6211,85.0495,Moderate,validation
1949,Flood,3920,1006,5,5,9.7,1.22,9.1,7401,HostelBlock,3.8966,230.5618,Moderate,train
1815,Chemical,5017,3740,5,1,11.7,0.62,7.0,1366,SportsGround,1.3414,9.7305,Moderate,test
1359,Other,4759,1729,5,1,8.7,0.96,10.3,15453,None,2.7525,22.9889,Low,train
752,Flood,4138,1710,2,3,10.5,1.03,17.5,15428,MainGate,2.4199,78.5137,Moderate,validation
2882,Chemical,1764,3656,2,1,8.8,1.58,8.7,7433,LibraryJunction,0.4825,6.7087,Low,train
711,Flood,8597,3557,5,1,10.5,0.71,3.1,5737,ExitGate,2.4169,18.018,Moderate,train
2566,Earthquake,14412,4882,3,2,2.9,0.81,5.3,9924,MainGate,2.9521,13.869,Moderate,train
2859,Chemical,10668,4583,2,1,11.4,1.56,16.1,15322,Cafeteria,2.3277,41.3958,Moderate,train
2340,Flood,13145,2708,5,3,7.0,1.58,13.9,9972,None,4.8541,161.059,Moderate,train
2223,Earthquake,10538,1425,2,4,6.0,1.39,2.9,4946,AuditoriumRoad,7.3951,246.7005,High,train
901,Other,4817,2953,3,4,11.5,1.57,15.6,694,ExitGate,1.6312,117.8053,Moderate,train
22,Flood,1193,1306,4,3,10.1,0.64,5.4,9286,ExitGate,0.9135,17.7146,Low,test
1560,Fire,6602,4250,5,2,11.2,1.12,12.7,13525,SportsGround,1.5534,38.9717,Low,train
2794,Fire,4485,1692,5,3,9.8,0.62,12.2,4025,HostelBlock,2.6507,48.317,Moderate,train
33,Earthquake,11068,2952,1,2,5.0,1.66,15.4,3046,AuditoriumRoad,3.7493,62.2384,Critical,validation
2857,Flood,3000,2754,5,1,6.3,1.34,8.2,3468,LibraryJunction,1.0893,9.1959,Moderate,train
1471,Chemical,8953,892,1,1,11.7,1.0,8.3,9310,None,10.037,117.4329,High,train
2821,Chemical,11579,2140,2,2,10.5,1.25,15.7,4495,None,5.4107,142.0309,High,train
670,Flood,12330,1355,1,5,4.2,1.52,10.7,2401,MainGate,9.0996,290.4592,Critical,train
1580,Other,11633,586,5,3,5.8,0.99,7.5,10645,ExitGate,19.8515,341.9619,Critical,train
153,Other,2312,3710,5,1,5.4,0.99,16.2,13823,LibraryJunction,0.6232,3.3316,Moderate,train
146,Other,7405,1736,1,4,6.7,0.89,6.9,1420,HostelBlock,4.2656,101.7431,High,train
2966,Earthquake,934,3188,3,4,3.7,1.21,5.6,1116,HostelBlock,0.293,5.247,Low,train
286,Fire,8222,1866,3,2,4.3,1.59,13.1,14680,HostelBlock,4.4062,60.2504,Moderate,train
2486,Fire,1655,2757,1,4,7.6,1.05,12.7,2340,Cafeteria,0.6003,19.1616,Low,train
1742,Fire,12275,2382,5,1,7.8,1.01,13.7,12172,LibraryJunction,5.1532,40.5969,High,train
2078,Chemical,1489,1135,3,5,7.2,0.54,19.6,4875,HostelBlock,1.3119,25.5033,Moderate,train
2069,Earthquake,7744,3721,1,4,4.7,1.01,4.8,9844,Cafeteria,2.0812,39.5178,Moderate,train
336,Chemical,1706,1555,3,1,2.9,1.1,5.0,9902,Cafeteria,1.0971,3.4997,Moderate,train
583,Flood,6404,1809,5,4,2.9,0.72,8.0,14775,LibraryJunction,3.5401,29.5669,Moderate,train
1005,Earthquake,6411,4559,2,3,11.7,0.94,14.2,14127,MainGate,1.4062,46.3962,Low,train
1334,Flood,6801,2594,1,5,11.7,1.32,12.1,6157,MainGate,2.6218,202.4554,Moderate,train
1750,Earthquake,12529,2874,3,3,4.0,1.21,4.7,11446,ExitGate,4.3594,63.2985,Moderate,train
1109,Flood,12667,4692,2,2,10.7,0.65,5.9,5866,LibraryJunction,2.6997,37.5528,Moderate,train
1473,Fire,11872,2315,3,1,9.3,1.14,12.3,10543,None,5.1283,54.3702,Moderate,test
2455,Fire,3921,3276,5,3,8.4,0.91,15.4,4889,LibraryJunction,1.1969,27.4473,Low,train
2549,Earthquake,3888,3198,5,1,3.7,0.52,12.1,12269,Cafeteria,1.2158,2.3392,Moderate,validation
1810,Flood,3451,2099,2,4,4.7,1.72,19.2,5647,HostelBlock,1.6441,53.1636,Moderate,train
1713,Chemical,4730,2286,1,5,2.5,0.77,4.0,11906,None,2.0691,19.9151,Low,train
1360,Earthquake,12346,2370,2,3,8.8,1.02,3.8,5898,MainGate,5.2093,140.276,High,validation
90,Chemical,10975,509,5,4,6.4,0.74,8.5,12893,ExitGate,21.5619,408.4686,Critical,train
2950,Flood,10830,1318,3,3,5.1,0.89,19.5,14796,AuditoriumRoad,8.217,111.8909,High,validation
912,Other,8432,2162,4,3,4.4,1.79,10.0,14009,Cafeteria,3.9001,92.1516,Moderate,train
1209,Fire,2236,601,3,5,8.8,1.59,17.3,7771,ExitGate,3.7205,260.2862,Moderate,train
1250,Earthquake,4486,3147,3,4,6.2,1.07,9.2,15448,None,1.4255,37.8271,Low,train
2900,Earthquake,2986,952,5,3,7.3,1.09,9.1,4395,None,3.1366,74.8738,Low,test
1603,Earthquake,4744,3527,4,3,6.9,1.55,18.5,5472,HostelBlock,1.3451,43.1575,Moderate,train
1763,Earthquake,2766,3693,3,3,9.7,1.63,2.8,7107,SportsGround,0.749,35.5273,Low,train
2236,Earthquake,7640,4171,3,3,7.0,1.49,13.5,6342,LibraryJunction,1.8317,57.3139,Moderate,test
1625,Fire,10037,3608,4,1,9.0,1.23,13.6,1559,ExitGate,2.7819,30.7956,High,train
2492,Flood,3192,573,5,3,7.9,1.03,16.7,12037,None,5.5707,135.9864,Moderate,train
2893,Other,8124,4463,1,1,5.5,1.03,14.3,2379,ExitGate,1.8203,10.312,High,train
77,Earthquake,11626,2893,2,4,3.5,0.52,7.1,8343,ExitGate,4.0187,29.2561,Moderate,train
527,Fire,4066,1425,4,3,2.6,1.53,12.5,6984,SportsGround,2.8533,34.0513,Moderate,train
92,Chemical,11829,2460,2,3,7.7,1.22,3.7,14285,MainGate,4.8085,135.5131,Moderate,test
970,Flood,5376,4273,2,3,10.5,1.15,10.2,10354,AuditoriumRoad,1.2581,45.5747,Low,train
463,Other,9541,4959,2,4,8.7,0.97,13.8,14188,MainGate,1.924,64.9465,Low,train
1906,Earthquake,4238,1332,1,4,9.3,0.93,19.4,13820,AuditoriumRoad,3.1817,110.0741,Moderate,train
196,Other,8371,4324,3,4,2.7,1.73,11.1,4444,SportsGround,1.9359,36.1704,High,train
2380,Flood,8083,2383,1,2,3.4,0.91,19.6,9184,None,3.3919,20.9891,Moderate,test
1143,Chemical,14638,2661,1,2,9.0,1.61,12.7,8263,None,5.5009,159.4161,High,train
1035,Chemical,12168,2296,3,2,4.9,0.52,13.8,14721,MainGate,5.2997,27.0073,Moderate,train
669,Fire,2817,1944,1,1,8.6,0.87,9.8,5977,ExitGate,1.4491,10.8422,Moderate,train
1390,Other,14217,2620,2,5,8.9,0.92,10.2,11401,SportsGround,5.4263,222.1527,Moderate,train
95,Other,12859,2763,4,3,11.4,1.16,16.8,5134,AuditoriumRoad,4.654,184.6335,High,validation
2786,Earthquake,11637,2886,1,4,2.7,0.8,13.0,2694,MainGate,4.0322,34.8382,Critical,test
446,Earthquake,11683,872,1,3,11.3,0.64,16.2,5437,MainGate,13.3979,290.6808,Critical,test
2868,Earthquake,4195,2963,4,5,9.1,1.63,2.6,889,AuditoriumRoad,1.4158,105.0028,Moderate,train
1240,Earthquake,5559,1109,2,5,5.7,1.09,15.2,11511,MainGate,5.0126,155.7164,Moderate,train
2389,Chemical,12922,2608,1,3,4.3,1.35,7.8,7876,None,4.9548,86.2878,High,train
2707,Flood,9117,3811,1,1,10.8,1.28,6.4,2865,MainGate,2.3923,33.0712,High,test
686,Chemical,5978,3125,3,5,9.0,0.86,3.1,6156,ExitGate,1.913,74.0331,Low,train
1549,Flood,8796,1009,4,4,9.1,1.21,3.6,3895,ExitGate,8.7175,383.9536,Critical,train
1573,Flood,10010,1688,3,5,8.5,1.47,17.3,9899,LibraryJunction,5.9301,370.483,High,train
368,Other,2651,3895,2,5,8.1,1.49,18.9,15654,MainGate,0.6806,41.0708,Low,validation
2241,Flood,5977,1059,2,4,7.7,0.76,7.1,9590,Cafeteria,5.644,132.1148,Moderate,train
180,Other,10842,3075,3,2,11.6,0.53,5.3,8982,Cafeteria,3.5259,43.3545,Moderate,test
1640,Flood,10102,1446,4,4,6.1,0.99,7.7,3755,None,6.9862,168.7586,High,train
862,Flood,3361,3534,4,1,4.6,0.53,7.1,15596,HostelBlock,0.951,2.3185,Moderate,train
245,Other,6273,2164,3,4,2.9,1.62,15.3,765,AuditoriumRoad,2.8988,54.4742,High,train
385,Earthquake,10938,708,4,3,5.0,1.04,9.0,1078,SportsGround,15.4492,241.0075,Critical,test
16,Flood,4146,974,5,1,3.3,1.13,3.2,12961,LibraryJunction,4.2567,15.8732,Moderate,train
225,Other,8853,4159,3,1,11.2,0.65,16.9,15292,SportsGround,2.1286,15.4962,Moderate,train
2451,Flood,9380,2851,2,4,5.4,1.5,3.4,8629,LibraryJunction,3.2901,106.5992,Moderate,train
2249,Other,4737,3693,5,5,5.3,1.48,18.2,11477,ExitGate,1.2827,50.3075,Moderate,train
2143,Chemical,5661,4280,4,3,7.5,1.27,5.4,10041,HostelBlock,1.3227,37.7962,Low,train
2498,Flood,2319,1103,3,5,5.4,1.56,19.4,14513,LibraryJunction,2.1024,88.5531,Moderate,train
2662,Earthquake,12570,4340,2,2,3.1,1.7,7.0,12480,MainGate,2.8963,30.527,Moderate,train
709,Chemical,7034,2856,2,4,11.1,1.34,2.5,13029,AuditoriumRoad,2.4629,146.5327,Low,train
1341,Other,11396,1911,1,4,8.0,1.04,9.5,3594,None,5.9634,198.462,High,test
844,Other,3352,1197,5,5,8.0,0.57,12.3,3603,ExitGate,2.8003,63.8468,Moderate,validation
453,Fire,11561,3004,5,2,7.9,0.97,7.7,7517,LibraryJunction,3.8485,58.9821,Moderate,test
1551,Chemical,891,847,2,2,11.5,1.74,4.5,5734,HostelBlock,1.0519,42.097,Low,validation
1911,Chemical,8795,1024,2,2,9.1,1.12,2.6,4858,Cafeteria,8.5889,175.0761,High,train
2725,Fire,8543,3597,4,2,5.0,1.52,11.2,13247,MainGate,2.375,36.1,Moderate,train
105,Other,4383,4264,1,4,11.1,1.38,4.8,7737,HostelBlock,1.0279,62.9815,Low,train
1823,Other,11240,3186,2,1,11.9,1.38,13.9,743,HostelBlock,3.5279,57.9352,High,train
2345,Flood,1856,1513,5,4,9.9,1.21,3.4,2904,ExitGate,1.2267,58.7786,Low,validation
1452,Chemical,14888,2564,1,5,7.2,1.42,19.0,6992,SportsGround,5.8066,296.8334,Critical,validation
2407,Fire,8484,504,5,4,5.4,0.5,15.5,6453,Cafeteria,16.8333,181.7996,Critical,validation
725,Earthquake,14147,4630,4,3,9.1,0.74,14.1,2258,LibraryJunction,3.0555,61.7272,High,train
1868,Flood,12206,1325,4,3,8.7,1.26,13.5,4371,LibraryJunction,9.2121,302.9491,Critical,train
793,Earthquake,8221,2137,4,4,7.0,1.23,9.6,12894,Cafeteria,3.847,132.4907,Moderate,train
2758,Flood,938,1738,4,1,8.9,0.56,12.4,11034,SportsGround,0.5397,2.6899,Low,train
750,Earthquake,14632,1979,1,5,10.7,1.25,5.8,13998,ExitGate,7.3936,494.447,High,train
483,Flood,12874,970,2,4,6.7,0.76,13.8,13671,AuditoriumRoad,13.2722,270.3282,Critical,train
2889,Flood,6200,2939,1,2,7.8,1.52,6.3,4535,AuditoriumRoad,2.1096,50.0228,Moderate,validation
687,Other,8829,4607,1,4,9.2,1.38,11.6,5288,ExitGate,1.9164,97.3225,Moderate,train
2325,Other,9972,4159,3,1,3.9,1.66,4.5,9197,HostelBlock,2.3977,15.5227,Moderate,train
913,Earthquake,8815,2522,3,5,10.9,1.1,12.4,12579,MainGate,3.4952,209.5372,Moderate,validation
710,Fire,10012,1046,3,5,7.1,1.07,6.6,11737,ExitGate,9.5717,363.581,High,test
1808,Chemical,5845,1623,1,5,10.1,1.47,10.9,10746,ExitGate,3.6014,267.3499,Moderate,train
2067,Other,4519,738,2,5,10.3,0.59,9.0,3157,LibraryJunction,6.1233,186.0565,High,train
1325,Chemical,5550,1126,3,1,3.9,1.77,13.5,14951,MainGate,4.929,34.0249,High,train
1740,Earthquake,4463,3086,5,2,11.3,1.54,17.0,3715,Cafeteria,1.4462,50.3335,Moderate,test
2699,Chemical,11973,3639,3,5,6.9,1.31,10.1,11513,None,3.2902,148.7006,Moderate,train
1843,Fire,324,2336,2,3,8.5,0.66,14.2,8893,MainGate,0.1387,2.3343,Low,train
1850,Earthquake,14784,1833,2,3,7.8,1.69,16.0,7317,None,8.0655,318.9583,High,train
2049,Fire,7066,2468,2,1,10.9,0.68,8.7,9030,LibraryJunction,2.863,21.2206,Moderate,train
606,Flood,14768,4324,1,1,7.4,1.36,7.6,9962,AuditoriumRoad,3.4154,34.3726,High,train
1995,Flood,9182,3938,2,3,7.8,0.99,15.1,9750,Cafeteria,2.3316,54.0138,Moderate,train
908,Fire,1909,1904,5,2,2.8,1.4,10.8,3558,SportsGround,1.0026,7.8604,Moderate,train
268,Flood,7255,3242,5,2,5.4,1.28,14.5,8348,HostelBlock,2.2378,30.9353,Moderate,train
557,Chemical,12810,698,3,2,11.9,1.3,19.8,7745,LibraryJunction,18.3524,567.8233,Critical,train
1102,Earthquake,614,3632,2,4,8.5,1.51,5.4,11190,SportsGround,0.1691,8.6816,Low,validation
352,Chemical,3635,2672,2,1,5.8,1.52,15.0,1288,Cafeteria,1.3604,11.9933,High,train
1078,Fire,6560,2327,4,1,5.8,1.11,11.6,13906,ExitGate,2.8191,18.1494,Moderate,test
1183,Chemical,9544,2199,4,5,5.8,1.3,12.1,2758,MainGate,4.3402,163.6255,High,train
2377,Earthquake,12231,2360,4,1,4.0,1.52,9.8,12593,HostelBlock,5.1826,31.5102,High,train
2902,Chemical,4133,1697,4,5,7.3,0.56,18.0,14100,LibraryJunction,2.4355,49.7816,Moderate,train
2834,Other,1153,1232,1,1,8.1,1.18,12.7,4346,MainGate,0.9359,8.9453,Moderate,train
2141,Flood,366,2502,1,3,5.1,1.06,7.5,15719,MainGate,0.1463,2.3727,Low,train
2041,Flood,5225,2867,5,3,10.7,0.53,9.1,8011,Cafeteria,1.8225,31.0062,Low,train
600,Other,13299,3217,3,1,11.7,0.86,2.6,6647,LibraryJunction,4.134,41.5963,High,train
1732,Chemical,14740,3873,3,1,3.3,1.26,18.6,5049,None,3.8058,15.8245,Critical,validation
1531,Flood,11108,4492,1,3,11.6,0.59,7.8,8310,AuditoriumRoad,2.4728,50.7715,Moderate,train
2746,Fire,5045,3758,3,3,6.9,1.59,17.5,3454,HostelBlock,1.3425,44.1857,Moderate,train
2132,Other,7780,1819,4,2,6.6,0.81,3.4,5644,AuditoriumRoad,4.2771,45.7308,Moderate,train
2318,Flood,8064,3983,3,4,4.8,0.57,18.6,13868,AuditoriumRoad,2.0246,22.1572,Moderate,validation
163,Flood,5421,730,1,3,10.0,0.68,7.2,14094,ExitGate,7.426,151.4904,High,train
25,Earthquake,14985,3785,1,2,6.1,1.78,6.8,13346,ExitGate,3.959,85.9736,Moderate,train
2187,Earthquake,8071,4796,2,3,7.4,1.51,19.3,10949,Cafeteria,1.6829,56.4142,Moderate,train
633,Other,778,1872,5,3,9.4,1.23,3.1,8252,LibraryJunction,0.4156,14.4155,Low,train
2195,Chemical,4202,2713,5,2,7.7,0.5,8.4,11790,LibraryJunction,1.5488,11.9258,Low,train
1100,Earthquake,2139,4630,5,4,10.5,1.32,6.7,9558,LibraryJunction,0.462,25.6133,Low,train
462,Earthquake,7648,4347,1,1,11.8,0.92,14.7,9042,AuditoriumRoad,1.7594,19.1,Moderate,train
700,Flood,1715,3427,3,1,8.3,0.75,11.5,13300,AuditoriumRoad,0.5004,3.115,Low,train
1450,Other,9608,2704,1,4,8.4,1.15,9.9,3307,None,3.5533,137.2995,High,train
761,Flood,11925,4393,3,3,2.7,1.76,12.9,14286,None,2.7145,38.6979,Moderate,test
2112,Chemical,14756,611,1,2,9.9,0.73,13.9,8834,AuditoriumRoad,24.1506,349.0728,Critical,train
1158,Other,11395,1640,2,3,3.8,1.22,7.4,1902,AuditoriumRoad,6.9482,96.6356,Critical,train
326,Fire,1903,3019,2,5,11.8,1.05,19.3,2832,AuditoriumRoad,0.6303,39.0471,Low,train
2731,Flood,14780,3555,1,1,11.4,0.95,2.5,14475,HostelBlock,4.1575,45.0257,Moderate,validation
2872,Fire,9411,2479,1,1,6.5,0.94,19.9,2301,HostelBlock,3.7963,23.1954,Critical,train
525,Flood,7750,2131,1,5,8.8,0.77,9.0,5613,HostelBlock,3.6368,123.2148,Moderate,test
2825,Earthquake,9995,3254,4,5,11.2,0.76,7.7,8816,SportsGround,3.0716,130.7273,Moderate,train
811,Flood,12045,2903,4,4,10.4,1.38,15.2,13541,ExitGate,4.1492,238.1973,Moderate,train
2084,Flood,6705,3623,3,4,4.2,1.61,6.3,7925,AuditoriumRoad,1.8507,50.0577,Moderate,train
1024,Fire,3641,2760,5,4,3.3,0.64,13.3,10360,MainGate,1.3192,11.1446,Moderate,train
952,Earthquake,2006,4617,4,5,10.2,0.74,3.1,3493,SportsGround,0.4345,16.398,Low,test
377,Earthquake,6302,2481,4,5,6.7,1.75,10.5,9533,HostelBlock,2.5401,148.9134,Moderate,train
2032,Chemical,7411,2626,5,3,2.8,0.87,19.2,8566,MainGate,2.8222,20.6246,Moderate,train
2246,Fire,4492,4022,3,1,8.3,1.25,16.2,11796,None,1.1169,11.5878,Low,validation
2170,Chemical,3178,4222,2,1,5.9,0.88,4.6,6655,LibraryJunction,0.7527,3.908,Low,test
155,Earthquake,3911,2072,2,2,3.2,1.6,3.8,13130,None,1.8875,19.328,Low,train
2085,Earthquake,6228,2462,5,1,5.0,1.0,18.8,5184,None,2.5297,12.6485,Moderate,validation
2926,Other,11294,3241,4,5,8.3,1.53,15.1,11250,AuditoriumRoad,3.4847,221.261,Moderate,train
444,Chemical,1089,1100,2,3,7.8,1.25,6.1,4737,Cafeteria,0.99,28.9575,Low,train
2016,Earthquake,13265,1653,5,5,6.9,1.27,12.3,14675,Cafeteria,8.0248,351.6066,High,train
2495,Fire,11335,2780,1,2,10.8,1.58,6.9,14871,LibraryJunction,4.0773,139.1501,Moderate,train
741,Chemical,2300,869,3,3,10.2,1.26,15.8,10742,HostelBlock,2.6467,102.0462,Moderate,train
2125,Fire,4661,3597,3,5,8.6,1.54,7.1,612,None,1.2958,85.8079,Moderate,train
2507,Other,3767,1079,3,1,2.7,1.17,12.3,5765,LibraryJunction,3.4912,11.0287,High,test
2076,Chemical,4519,3615,2,2,7.8,1.55,18.0,12299,AuditoriumRoad,1.2501,30.2274,Low,train
423,Other,11534,1951,5,2,9.4,0.67,9.0,10339,HostelBlock,5.9118,74.465,Moderate,train
6,Fire,11743,2075,1,1,8.8,1.5,19.7,14513,SportsGround,5.6593,74.7028,High,train
655,Fire,14887,3695,1,3,7.1,1.65,9.9,3604,LibraryJunction,4.029,141.5992,High,validation
611,Earthquake,3132,3710,5,5,8.5,1.4,10.0,6326,AuditoriumRoad,0.8442,50.2299,Low,train
2988,Other,13037,2670,4,3,8.3,1.39,13.7,15916,AuditoriumRoad,4.8828,168.9986,Moderate,train
834,Flood,10627,4586,4,4,9.0,1.73,15.2,7330,LibraryJunction,2.3173,144.3214,Moderate,test
893,Chemical,6558,4666,5,3,7.2,1.1,7.8,6625,ExitGate,1.4055,33.3947,Low,train
2748,Other,1510,2743,4,2,5.4,1.44,8.2,15938,Cafeteria,0.5505,8.5614,Low,train
1595,Other,4005,825,2,2,5.4,1.47,9.0,6592,None,4.8545,77.07,Moderate,validation
1076,Other,14041,4698,5,3,6.0,1.39,11.1,4806,None,2.9887,74.7773,Moderate,train
1082,Fire,1086,2248,2,1,11.6,1.39,6.9,10915,LibraryJunction,0.4831,7.7895,Low,test
2131,Other,11582,905,3,5,6.9,0.51,8.6,2304,LibraryJunction,12.7978,225.1773,Critical,train
1752,Flood,7882,3608,1,5,6.6,0.53,12.8,545,AuditoriumRoad,2.1846,38.2087,High,train
1177,Fire,1927,2438,2,4,9.7,1.05,3.2,10525,AuditoriumRoad,0.7904,32.2009,Low,train
1184,Chemical,10447,4002,4,1,7.9,0.67,11.3,2153,MainGate,2.6104,13.8168,High,train
714,Flood,14494,3142,3,3,5.1,1.41,8.5,9255,HostelBlock,4.613,99.5162,High,train
1110,Chemical,12123,1183,2,3,5.1,0.76,3.7,12101,AuditoriumRoad,10.2477,119.1603,High,train
1486,Other,2548,1819,5,3,3.0,1.39,9.4,9253,None,1.4008,17.524,Low,train
1343,Other,2927,2547,5,4,9.0,1.74,2.4,10352,Cafeteria,1.1492,71.9859,Low,test
309,Chemical,3566,2971,5,5,7.3,1.47,7.3,1394,SportsGround,1.2003,64.4021,Moderate,train
1480,Fire,4893,4893,3,5,5.0,1.49,9.1,15009,SportsGround,1.0,37.25,Low,test
1125,Earthquake,1642,1894,2,3,10.3,1.2,2.1,11776,None,0.8669,32.1447,Low,train
2056,Fire,8531,1766,5,4,11.0,1.54,7.0,14951,AuditoriumRoad,4.8307,327.3282,Moderate,train
2583,Fire,2342,1330,1,2,9.3,1.26,18.8,9243,MainGate,1.7609,41.2685,Moderate,train
1466,Other,881,3811,3,1,11.2,1.7,16.6,15404,MainGate,0.2312,4.402,Moderate,train
1469,Fire,8248,695,1,3,7.8,1.29,7.5,13383,AuditoriumRoad,11.8676,358.2354,Critical,validation
1502,Flood,9759,3084,4,4,5.7,0.73,7.5,13645,LibraryJunction,3.1644,52.6683,Moderate,train
2974,Chemical,5511,2779,1,3,9.9,1.03,14.7,13459,SportsGround,1.9831,60.665,Moderate,train
2308,Chemical,8239,766,3,5,10.5,0.67,9.9,1214,None,10.7559,378.3388,Critical,validation
731,Chemical,3461,3479,3,2,8.2,1.79,4.2,14231,Cafeteria,0.9948,29.2033,Low,test
934,Flood,3952,694,3,3,4.8,1.2,18.3,11395,SportsGround,5.6945,98.401,High,train
108,Other,9472,566,1,5,9.6,1.58,18.3,13209,SportsGround,16.735,1269.1824,Critical,train
482,Other,6275,2316,1,5,2.9,1.0,19.7,10559,AuditoriumRoad,2.7094,39.2863,Moderate,test
1192,Fire,631,953,2,5,8.3,0.99,14.3,796,ExitGate,0.6621,27.2024,Low,train
1430,Flood,7075,3193,3,3,3.3,0.63,16.5,4477,ExitGate,2.2158,13.8199,High,train
1287,Flood,7956,1923,5,1,2.9,0.54,18.1,3009,LibraryJunction,4.1373,6.479,Critical,train
246,Earthquake,5036,3920,2,2,5.6,0.99,17.0,8680,HostelBlock,1.2847,14.2448,Moderate,train
1509,Flood,8611,2073,3,5,11.1,0.53,7.7,3234,None,4.1539,122.187,Moderate,train
2817,Chemical,12609,1269,5,4,11.4,1.38,12.5,8278,MainGate,9.9362,625.2652,Critical,train
1244,Other,1302,4057,4,5,8.3,1.42,2.7,11771,AuditoriumRoad,0.3209,18.9106,Low,train
2963,Flood,5828,3201,1,4,5.1,0.94,17.0,9963,HostelBlock,1.8207,34.9137,Moderate,train
1582,Fire,7125,1302,5,5,10.9,1.73,14.3,947,Cafeteria,5.4724,515.9652,High,train
2964,Flood,13421,4784,5,3,8.3,1.64,18.6,14320,None,2.8054,114.5613,Moderate,train
23,Fire,3206,3956,3,4,4.9,1.7,10.0,14612,MainGate,0.8104,27.0025,Low,train
366,Other,13866,1711,5,3,5.5,1.45,16.5,1925,Cafeteria,8.104,193.8882,Critical,validation
1696,Flood,10828,3551,3,4,9.6,0.51,7.7,8093,MainGate,3.0493,59.7175,Moderate,test
156,Chemical,9985,1573,4,2,4.0,1.58,15.9,13755,LibraryJunction,6.3477,80.2349,High,train
353,Other,2925,3937,4,4,10.9,0.96,8.8,14079,ExitGate,0.743,31.099,Low,train
790,Fire,10067,4982,4,1,6.3,0.73,19.4,14680,Cafeteria,2.0207,9.2932,Moderate,test
2211,Fire,11432,3383,5,5,5.2,0.86,19.2,3670,AuditoriumRoad,3.3792,75.5589,High,train
259,Chemical,10115,3290,5,5,6.3,1.51,2.5,4978,ExitGate,3.0745,146.2386,Moderate,validation
1643,Earthquake,7790,2176,2,4,11.6,0.82,4.6,10986,MainGate,3.58,136.2118,Low,train
2887,Earthquake,11287,2364,1,2,11.5,0.78,16.1,14062,None,4.7745,85.6545,Moderate,train
389,Chemical,7798,2908,1,4,3.0,1.32,12.4,10668,MainGate,2.6816,42.4765,Moderate,train
590,Other,787,3450,1,3,5.6,1.67,16.8,12926,Cafeteria,0.2281,6.3996,Moderate,test
615,Earthquake,4824,1899,3,5,8.0,1.16,9.3,12202,MainGate,2.5403,117.8699,Low,train
2628,Fire,3868,2392,3,5,8.8,1.6,13.9,10452,ExitGate,1.6171,113.8438,Low,test
910,Chemical,14285,3176,4,4,4.0,0.64,11.7,8335,MainGate,4.4978,46.0575,High,train
1784,Chemical,6029,3289,1,4,7.3,0.74,12.3,8452,ExitGate,1.8331,39.6096,Moderate,train
158,Chemical,4118,4874,3,4,11.1,0.75,14.2,9845,ExitGate,0.8449,28.1352,Low,train
35,Chemical,13788,3969,3,1,2.5,1.5,13.5,4791,LibraryJunction,3.4739,13.0271,Critical,validation
716,Chemical,2732,2284,5,2,10.4,1.53,12.1,11799,MainGate,1.1961,38.0647,Low,validation
2148,Fire,11901,4192,5,4,7.3,1.4,16.4,6992,None,2.839,116.0583,Moderate,train
1841,Other,1874,3531,2,5,3.5,1.42,8.6,920,ExitGate,0.5307,13.1879,Moderate,validation
171,Earthquake,1233,1604,4,1,5.3,0.56,5.6,1186,HostelBlock,0.7687,2.2815,Moderate,train
549,Fire,3032,4452,4,5,10.3,0.62,13.6,1112,Cafeteria,0.681,21.7443,Moderate,train
1003,Other,10297,613,2,1,9.3,1.41,15.5,4501,None,16.7977,220.2682,Critical,train
2652,Flood,224,1138,2,3,9.6,1.69,7.0,13792,None,0.1968,9.5786,Low,train
849,Chemical,11886,722,1,3,6.2,0.92,9.4,5811,AuditoriumRoad,16.4626,281.708,Critical,train
568,Flood,9586,2469,2,4,11.7,1.68,7.9,9383,LibraryJunction,3.8825,305.2577,Moderate,train
2592,Earthquake,1172,4948,5,2,6.5,1.0,4.4,2121,Cafeteria,0.2369,3.0797,Low,train
751,Chemical,13453,4864,5,4,11.4,1.44,3.1,3787,HostelBlock,2.7658,181.6135,Moderate,train
2488,Earthquake,7675,1483,1,2,11.9,1.05,14.1,14956,AuditoriumRoad,5.1753,129.3307,Moderate,validation
284,Other,11211,1194,2,3,3.6,0.9,5.3,11861,LibraryJunction,9.3894,91.265,High,train
2577,Flood,9525,3541,1,4,10.4,0.52,2.7,12076,Cafeteria,2.6899,58.1879,Low,validation
1780,Chemical,8983,4757,4,1,10.4,1.32,16.0,6029,SportsGround,1.8884,25.924,Moderate,train
2269,Other,11013,848,2,5,11.2,1.11,5.3,961,LibraryJunction,12.987,807.2719,Critical,train
299,Fire,5733,2823,5,5,3.7,1.61,16.2,15149,None,2.0308,60.4874,Moderate,train
848,Flood,3192,1679,3,1,4.0,1.74,14.2,1465,HostelBlock,1.9011,13.2317,High,train
679,Flood,7612,1302,4,2,3.3,1.48,14.5,7162,SportsGround,5.8464,57.1076,High,train
973,Other,14237,1966,4,4,5.3,1.56,18.4,3108,None,7.2416,239.4942,Critical,train
1975,Earthquake,11917,1066,4,4,7.0,0.87,18.3,14304,Cafeteria,11.1792,272.3253,Critical,train
91,Fire,3535,922,3,5,3.7,0.87,17.9,8441,MainGate,3.8341,61.7098,Moderate,test
1060,Flood,13842,3747,4,4,7.8,1.58,18.5,8722,AuditoriumRoad,3.6942,182.1093,High,train
1837,Chemical,5983,1649,5,3,4.3,0.82,19.1,11698,AuditoriumRoad,3.6283,38.3802,Moderate,train
2207,Earthquake,7543,3151,2,3,8.4,1.27,18.0,3162,HostelBlock,2.3938,76.6112,High,validation
2777,Chemical,13397,1021,2,4,4.2,0.86,19.0,4114,SportsGround,13.1214,189.578,Critical,validation
1438,Earthquake,10299,3381,5,2,5.5,0.9,18.5,1981,Cafeteria,3.0461,30.1564,High,train
2539,Other,7101,2730,4,4,12.0,0.67,9.3,4566,HostelBlock,2.6011,83.6514,Moderate,train
1286,Chemical,4692,2572,1,5,10.3,1.62,18.7,10454,ExitGate,1.8243,152.2013,Moderate,train
417,Other,10924,2194,4,3,6.0,0.57,6.0,7945,HostelBlock,4.979,51.0845,Moderate,train
1092,Chemical,7717,1940,4,3,4.2,1.27,11.8,6751,AuditoriumRoad,3.9778,63.6528,Moderate,train
767,Earthquake,12684,724,1,2,8.5,1.53,4.4,7064,SportsGround,17.5193,455.677,Critical,test
2552,Chemical,4045,598,4,1,10.2,1.59,7.6,7431,None,6.7642,109.7018,Moderate,train
2353,Fire,12491,1376,4,1,8.1,1.11,13.7,7298,None,9.0778,81.6185,Critical,test
2907,Fire,7832,603,5,5,9.2,1.34,9.7,3517,None,12.9884,800.605,Critical,train
524,Fire,13770,3625,1,1,11.8,1.43,8.9,7757,SportsGround,3.7986,64.0976,High,train
2598,Fire,6860,4835,5,4,2.7,1.51,17.1,13944,ExitGate,1.4188,23.1378,Moderate,validation
1029,Chemical,11418,4555,5,5,11.7,0.72,15.5,6793,Cafeteria,2.5067,105.5822,Moderate,train
1727,Chemical,11500,634,1,1,7.9,0.68,9.4,1218,SportsGround,18.1388,97.4416,Critical,test
2371,Flood,11640,3679,3,4,9.3,0.82,14.0,15830,HostelBlock,3.1639,96.5116,Moderate,validation
1320,Other,7325,4227,1,4,5.2,0.66,10.8,6514,None,1.7329,23.7893,Moderate,train
1907,Fire,4714,4847,4,3,4.4,1.02,4.1,3720,None,0.9726,13.0951,Low,train
2043,Flood,4379,3064,2,4,4.2,0.64,11.7,3510,None,1.4292,15.3668,Moderate,train
1605,Earthquake,1690,3261,4,3,7.6,1.3,3.1,10807,AuditoriumRoad,0.5182,15.3594,Low,test
2715,Flood,814,1152,4,3,8.3,0.64,19.7,2500,AuditoriumRoad,0.7066,11.2604,Low,test
695,Earthquake,2115,2448,1,3,8.0,1.07,8.7,3861,None,0.864,22.1875,Low,test
863,Earthquake,13573,1237,5,3,10.2,0.79,19.6,6447,None,10.9725,265.2492,Critical,train
1462,Fire,9604,3565,2,4,9.2,1.64,5.2,2938,ExitGate,2.694,162.5883,Moderate,validation
1530,Flood,5172,1796,5,3,4.7,1.13,15.0,7591,Cafeteria,2.8797,45.8823,Moderate,test
1754,Earthquake,4063,1507,4,2,10.1,1.17,19.8,6554,None,2.6961,63.7196,Low,train
1133,Flood,1324,2039,3,4,4.1,0.9,17.7,11123,MainGate,0.6493,9.5837,Moderate,train
1119,Flood,3429,2123,1,4,7.2,1.79,9.6,2533,ExitGate,1.6152,83.2668,Moderate,validation
162,Flood,636,3363,4,1,6.3,0.99,9.0,1837,HostelBlock,0.1891,1.1794,Low,train
1179,Chemical,11647,1381,4,4,3.8,1.33,12.0,3706,AuditoriumRoad,8.4337,170.4957,Critical,test
1620,Flood,251,1379,2,3,6.6,1.62,17.3,7809,SportsGround,0.182,5.8378,Low,test
735,Chemical,2702,3178,3,5,8.4,1.49,13.9,9018,ExitGate,0.8502,53.2055,Low,train
2601,Other,12434,2777,1,2,5.1,1.25,12.5,7598,MainGate,4.4775,57.0881,High,train
2460,Earthquake,2352,4328,4,2,6.3,1.7,18.2,13314,MainGate,0.5434,11.6396,Low,train
1296,Earthquake,3101,2132,3,3,9.1,0.84,10.8,9981,HostelBlock,1.4545,33.3546,Low,test
1066,Chemical,9436,867,4,1,3.0,0.62,7.6,6343,AuditoriumRoad,10.8835,20.2433,Critical,validation
152,Earthquake,4855,3666,3,5,10.8,0.93,12.5,2817,HostelBlock,1.3243,66.5063,Moderate,validation
410,Chemical,12965,3610,3,5,2.8,1.39,17.1,15110,LibraryJunction,3.5914,69.8886,Moderate,test
1629,Earthquake,1713,1800,5,5,3.0,0.6,18.8,7923,LibraryJunction,0.9517,8.5653,Moderate,train
1357,Other,9819,1776,5,3,7.5,0.99,18.7,11123,LibraryJunction,5.5287,123.1518,Moderate,train
1435,Flood,6952,2894,1,4,10.6,0.83,16.7,6136,HostelBlock,2.4022,84.5382,Moderate,train
1875,Other,13509,730,1,2,10.0,1.02,16.2,14639,None,18.5055,377.5122,Critical,train
2898,Chemical,1125,2109,3,3,5.5,0.51,19.8,596,LibraryJunction,0.5334,4.4886,Moderate,validation
1070,Earthquake,8418,1819,5,5,8.7,1.71,8.1,13367,LibraryJunction,4.6278,344.2389,Moderate,train
2284,Fire,10214,1196,1,3,6.8,0.67,6.8,5079,MainGate,8.5401,116.7261,Critical,train
1563,Flood,7040,2793,1,3,9.8,1.67,7.4,4804,ExitGate,2.5206,123.7564,Moderate,train
2603,Flood,6140,2218,4,5,5.1,0.52,7.7,1192,ExitGate,2.7683,36.7077,High,train
2474,Chemical,1681,4298,4,1,7.6,1.57,7.5,4799,LibraryJunction,0.3911,4.6666,Low,train
1638,Earthquake,12098,4935,4,5,6.9,1.34,11.4,13384,Cafeteria,2.4515,113.3328,Moderate,validation
991,Flood,1564,4236,3,4,11.4,0.69,5.7,10814,AuditoriumRoad,0.3692,11.6165,Low,train
2681,Earthquake,4255,3421,4,4,8.5,1.12,18.3,13950,SportsGround,1.2438,47.3639,Low,train
2735,Earthquake,1464,2968,5,3,10.8,0.66,15.7,12967,MainGate,0.4933,10.5487,Low,test
1260,Chemical,1833,2160,3,5,7.0,0.88,3.7,7157,AuditoriumRoad,0.8486,26.1369,Low,train
1794,Chemical,9340,688,4,2,6.3,0.65,15.7,15108,None,13.5756,111.1842,Critical,train
2947,Earthquake,8035,735,2,1,7.0,0.79,7.3,683,LibraryJunction,10.932,60.454,Critical,train
2581,Other,7200,4645,1,5,9.5,1.66,16.6,732,AuditoriumRoad,1.5501,122.2254,High,train
781,Flood,7246,3453,3,3,8.3,1.49,6.7,5628,Cafeteria,2.0985,77.8564,Moderate,train
1331,Other,3883,2313,1,3,4.6,1.29,15.1,10483,ExitGate,1.6788,29.886,Moderate,train
1494,Other,11101,3170,4,2,9.4,0.77,5.9,3628,SportsGround,3.5019,50.6935,Moderate,train
2769,Chemical,2676,1609,2,4,3.7,0.96,4.8,14737,LibraryJunction,1.6631,23.6293,Low,train
757,Chemical,13959,3751,2,2,3.6,1.45,18.8,9051,AuditoriumRoad,3.7214,38.8514,High,validation
1393,Fire,5163,2152,2,4,11.9,0.8,18.6,13154,HostelBlock,2.3992,91.3615,Moderate,validation
2135,Earthquake,12536,2503,5,2,10.4,1.73,6.7,9975,ExitGate,5.0084,180.2223,Moderate,train
2829,Chemical,2596,3488,5,2,5.4,1.2,6.7,15064,LibraryJunction,0.7443,9.6461,Low,train
329,Fire,14141,2638,3,4,9.2,1.46,7.7,4955,SportsGround,5.3605,288.0089,High,train
795,Flood,10514,4819,5,1,5.3,1.07,18.3,8325,AuditoriumRoad,2.1818,12.373,High,train
1956,Fire,14550,3813,4,2,10.6,0.74,9.5,11978,AuditoriumRoad,3.8159,59.8638,Moderate,train
2938,Flood,12627,4990,1,2,7.1,0.86,15.2,10391,LibraryJunction,2.5305,30.9025,Moderate,train
2510,Other,3192,4748,2,3,10.4,0.54,18.8,7489,Cafeteria,0.6723,11.3269,Low,validation
2627,Other,7649,885,5,2,4.6,1.51,12.6,2858,Cafeteria,8.6429,120.0672,Critical,train
2802,Fire,7342,1342,1,1,6.0,1.71,9.6,13588,Cafeteria,5.4709,56.1314,High,train
2527,Flood,13377,1167,5,1,9.0,1.27,9.1,3126,None,11.4627,131.0187,Critical,validation
29,Flood,7068,1171,5,5,7.5,1.72,5.7,12234,HostelBlock,6.0359,389.3156,Moderate,train
15,Flood,209,4844,5,3,7.1,0.65,8.5,14126,AuditoriumRoad,0.0431,0.5967,Low,test
660,Other,7674,1297,5,2,10.4,0.58,16.7,2370,ExitGate,5.9167,71.3791,High,train
551,Other,10585,593,4,1,5.4,0.55,11.7,2950,HostelBlock,17.8499,53.0142,Critical,test
2989,Flood,2466,3238,5,3,10.6,1.08,10.3,4657,None,0.7616,26.1564,Low,train
2976,Flood,13822,4363,5,5,4.1,0.93,10.0,5426,None,3.168,60.3979,High,test
211,Earthquake,9595,1498,5,4,11.0,1.01,8.2,13165,LibraryJunction,6.4052,284.6471,Moderate,train
1822,Earthquake,12726,3490,1,4,7.6,0.61,17.1,3456,SportsGround,3.6464,67.6188,High,train
79,Other,13489,1722,5,3,3.3,0.82,12.0,7318,SportsGround,7.8333,63.5907,Critical,validation
376,Fire,1028,4239,3,2,5.1,1.57,11.1,10910,MainGate,0.2425,3.8834,Low,test
191,Flood,10327,3912,1,4,10.9,1.21,13.6,5449,ExitGate,2.6398,139.2653,High,train
9,Flood,3952,958,1,3,6.3,0.59,18.4,9792,HostelBlock,4.1253,46.0012,Moderate,train
1073,Fire,7651,1270,3,2,11.4,0.71,7.0,6452,HostelBlock,6.0244,97.523,Moderate,validation
1312,Flood,6135,3523,3,5,10.3,1.29,15.5,15484,MainGate,1.7414,115.6899,Low,validation
2737,Chemical,10711,1196,5,5,11.3,0.79,8.9,12886,HostelBlock,8.9557,399.7377,High,validation
315,Earthquake,12159,4083,2,1,4.8,1.7,4.1,10531,None,2.978,24.3005,Moderate,train
632,Earthquake,8599,4219,4,5,9.5,1.05,19.3,13578,AuditoriumRoad,2.0382,101.6552,Moderate,train
1226,Fire,14559,1973,4,1,4.1,1.04,15.8,12155,ExitGate,7.3791,31.4645,Critical,test
2060,Fire,11686,2107,1,2,9.5,1.46,4.3,10888,SportsGround,5.5463,153.8544,Moderate,train
2258,Chemical,13854,1867,1,4,6.9,0.56,7.7,9679,Cafeteria,7.4205,114.6912,High,train
535,Fire,11393,4793,4,5,4.0,0.87,9.4,5776,MainGate,2.377,41.3598,High,validation
1669,Earthquake,5220,4668,3,4,6.5,1.71,16.3,14379,AuditoriumRoad,1.1183,49.7196,Moderate,validation
2845,Chemical,8817,4962,3,1,3.3,1.35,17.8,13317,LibraryJunction,1.7769,7.9161,Moderate,train
2773,Fire,14150,4614,4,4,8.3,0.66,10.6,9271,AuditoriumRoad,3.0668,67.1997,Moderate,train
205,Flood,4550,4387,5,5,4.7,0.57,10.6,9089,Cafeteria,1.0372,13.8933,Low,train
577,Other,8805,4892,1,5,3.5,1.09,17.8,14881,SportsGround,1.7999,34.3331,Moderate,train
2972,Flood,7120,4638,1,1,6.2,1.36,6.7,15029,LibraryJunction,1.5351,12.944,Moderate,train
344,Other,9425,1664,2,4,7.7,0.73,2.7,1420,SportsGround,5.6641,127.3516,High,train
1973,Earthquake,11910,3194,2,1,6.2,1.79,19.6,5824,LibraryJunction,3.7289,41.3833,Critical,train
218,Flood,8790,4950,4,2,10.6,1.11,5.5,2345,HostelBlock,1.7758,41.7881,Moderate,train
40,Earthquake,2808,2685,1,4,10.8,1.62,6.0,13878,ExitGate,1.0458,73.1893,Low,test
1278,Flood,3629,4378,2,1,9.9,1.79,3.6,13662,LibraryJunction,0.8289,14.6889,Low,test
300,Flood,10459,1315,4,1,3.7,1.61,9.9,511,Cafeteria,7.9536,47.3796,Critical,train
728,Earthquake,4846,3652,4,5,9.5,1.39,17.1,4200,Cafeteria,1.3269,87.6086,Moderate,train
2655,Flood,5564,1091,2,3,5.1,1.02,6.9,940,LibraryJunction,5.0999,79.589,High,train
2328,Earthquake,9238,1642,3,1,7.7,1.39,18.9,10794,LibraryJunction,5.6261,60.2161,High,train
430,Chemical,12363,2337,5,4,4.8,1.52,16.4,5212,None,5.2901,154.3863,High,train
2293,Other,7816,3276,4,5,5.5,0.58,10.9,2737,HostelBlock,2.3858,38.0535,High,test
44,Earthquake,2094,4689,4,5,4.3,0.56,9.8,9018,SportsGround,0.4466,5.3771,Low,train
1598,Chemical,14268,4935,1,2,8.8,1.62,4.6,12960,MainGate,2.8912,82.4339,Moderate,train
1834,Chemical,6730,505,2,2,6.0,1.4,17.9,11371,HostelBlock,13.3267,223.8886,Critical,train
2665,Other,4876,3139,2,4,7.2,1.07,3.7,3683,None,1.5534,47.8696,Low,train
545,Earthquake,7531,4206,4,1,9.4,1.78,12.7,8980,LibraryJunction,1.7905,29.9586,Moderate,validation
1271,Flood,8772,2877,2,5,11.5,0.98,12.9,8235,ExitGate,3.049,171.8111,Moderate,test
2033,Fire,14036,2066,2,4,8.2,0.56,8.4,12675,HostelBlock,6.7938,124.7885,Moderate,test
1152,Earthquake,336,1402,4,2,6.9,0.7,19.4,10720,LibraryJunction,0.2397,2.3155,Low,train
1418,Earthquake,8802,4846,1,5,5.9,0.8,19.0,9197,LibraryJunction,1.8163,42.8647,Moderate,test
1943,Chemical,2277,4725,3,5,7.6,1.48,13.3,9457,None,0.4819,27.1021,Low,train
1174,Other,4760,1647,3,4,3.1,1.59,10.7,8229,LibraryJunction,2.8901,56.9812,Moderate,train
2980,Fire,14128,1150,2,4,7.7,0.99,8.0,13713,SportsGround,12.2852,374.6003,Critical,train
1885,Chemical,12531,4322,2,1,3.6,1.5,14.1,2399,MainGate,2.8994,15.6568,Critical,train
2219,Fire,974,604,1,2,2.9,0.95,9.0,11621,Cafeteria,1.6126,8.8854,Moderate,train
667,Chemical,9337,537,2,2,3.6,1.19,3.7,6429,SportsGround,17.3873,148.9744,Critical,train
1253,Earthquake,12986,1239,3,3,9.8,1.22,13.8,8997,SportsGround,10.481,375.9325,Critical,train
198,Fire,14080,566,1,4,3.8,0.84,8.6,7106,HostelBlock,24.8763,317.6206,Critical,train
1729,Flood,6276,2289,1,1,4.9,1.69,9.4,5094,ExitGate,2.7418,22.7048,High,train
2569,Chemical,14323,3130,1,3,10.5,1.4,4.3,6873,None,4.576,201.8016,Moderate,train
1091,Fire,6983,4235,4,3,5.8,1.21,11.4,13035,HostelBlock,1.6489,34.7159,Low,train
1339,Chemical,10526,3475,1,3,7.3,1.19,6.1,7118,ExitGate,3.0291,78.9414,Moderate,validation
2660,Earthquake,12372,1965,3,3,3.1,1.44,5.7,15848,AuditoriumRoad,6.2962,84.3187,High,validation
2493,Earthquake,10833,3586,4,1,3.8,1.48,6.4,5714,LibraryJunction,3.0209,16.9895,High,validation
306,Chemical,9428,4845,1,5,8.7,1.07,15.0,10790,LibraryJunction,1.9459,90.5719,Moderate,train
2177,Other,9493,3438,2,1,6.5,1.65,8.3,1871,LibraryJunction,2.7612,29.6139,High,train
2110,Fire,8909,1439,1,3,6.3,1.53,7.0,14060,SportsGround,6.1911,179.028,Moderate,test
1085,Other,7066,3361,4,4,7.6,1.52,19.4,7656,HostelBlock,2.1024,97.1477,Moderate,train
2291,Flood,6743,4974,4,2,3.0,1.71,16.0,1020,HostelBlock,1.3556,13.9085,High,train
786,Earthquake,8818,533,5,2,6.5,0.6,15.8,11590,MainGate,16.5441,129.044,Critical,test
8,Earthquake,8951,1901,2,2,6.9,0.85,18.7,11774,SportsGround,4.7086,55.2319,Moderate,test
401,Other,11040,3947,1,5,5.1,1.29,4.5,14109,MainGate,2.7971,92.0106,Moderate,test
1254,Earthquake,3451,4886,2,5,6.3,1.43,7.2,3144,HostelBlock,0.7063,31.8153,Low,train
313,Fire,7139,3903,4,1,8.6,1.2,4.7,1869,AuditoriumRoad,1.8291,18.8763,Moderate,train
2196,Chemical,11013,1900,5,5,3.1,1.09,11.6,7581,LibraryJunction,5.7963,97.9285,High,validation
2712,Fire,11161,4300,1,2,11.7,1.18,16.5,1946,AuditoriumRoad,2.5956,71.6697,High,test
547,Earthquake,9314,4688,5,5,4.0,0.55,8.4,2767,AuditoriumRoad,1.9868,21.8548,High,train
100,Earthquake,5746,2671,5,4,8.7,1.61,17.3,14579,Cafeteria,2.1513,120.533,Moderate,train
2218,Earthquake,4491,4380,1,5,5.8,1.78,6.3,2947,ExitGate,1.0253,52.926,Moderate,train
1176,Flood,683,868,2,2,3.4,0.64,18.8,8305,HostelBlock,0.7869,3.4246,Moderate,train
1104,Fire,2017,1347,4,5,3.7,0.68,6.7,3459,MainGate,1.4974,18.8373,Low,train
1315,Fire,11379,3762,5,1,6.9,0.61,14.3,2161,Cafeteria,3.0247,12.731,High,validation
2853,Fire,7431,4865,1,1,10.5,0.9,9.7,1418,HostelBlock,1.5274,14.4339,High,train
2244,Other,4774,2896,4,4,3.3,1.12,15.4,15794,LibraryJunction,1.6485,24.3714,Moderate,train
1602,Fire,4912,4770,4,1,6.6,0.54,3.2,1890,LibraryJunction,1.0298,3.6702,Moderate,test
14,Other,8517,1963,1,3,10.5,1.16,5.6,6626,LibraryJunction,4.3388,158.5398,Moderate,train
1324,Fire,7704,3329,5,2,11.2,1.67,18.8,13942,ExitGate,2.3142,86.5696,Moderate,train
1755,Fire,13660,3040,2,5,6.1,0.55,14.9,10740,ExitGate,4.4934,75.3768,Moderate,train
678,Chemical,7044,541,1,1,11.9,1.45,11.1,7474,Cafeteria,13.0203,224.6653,Critical,train
726,Fire,7148,3609,2,5,4.7,0.65,19.7,2525,ExitGate,1.9806,30.2537,High,validation
1131,Flood,3618,3288,5,5,7.4,0.91,19.0,12108,ExitGate,1.1004,37.0505,Low,validation
1612,Flood,13503,2047,3,4,6.8,1.79,12.5,5039,Cafeteria,6.5965,321.1704,Critical,train
392,Chemical,5334,1948,1,1,6.8,0.77,15.9,9941,LibraryJunction,2.7382,14.3372,Moderate,train
1333,Chemical,13677,3337,4,2,6.9,1.47,5.8,11931,LibraryJunction,4.0986,83.1442,Moderate,validation
347,Chemical,11743,3560,4,5,3.5,0.89,4.5,3080,Cafeteria,3.2986,51.3757,High,test
2174,Flood,369,1861,3,5,9.0,1.5,14.3,1669,HostelBlock,0.1983,13.3852,Low,train
1512,Earthquake,3470,3618,4,4,6.2,1.4,6.9,6646,HostelBlock,0.9591,33.3,Low,train
1828,Fire,10822,2890,2,3,10.9,0.94,15.2,8891,MainGate,3.7446,115.1015,Moderate,train
1736,Flood,13876,2954,4,2,9.0,1.58,4.9,6694,None,4.6974,133.5941,Moderate,train
873,Flood,9685,4157,1,1,11.8,1.69,8.8,15083,MainGate,2.3298,46.4609,Moderate,train
1506,Flood,8257,662,5,3,10.9,1.78,18.0,1628,LibraryJunction,12.4728,725.9918,Critical,train
608,Other,4683,1790,1,1,11.6,1.23,3.8,9388,HostelBlock,2.6162,37.3279,Moderate,train
2102,Chemical,769,3367,4,4,3.4,0.56,19.6,1246,LibraryJunction,0.2284,1.7395,Moderate,train
1826,Fire,10414,4022,5,5,5.2,1.21,2.3,3094,LibraryJunction,2.5893,81.4594,Moderate,train
412,Flood,8770,4752,5,1,6.6,1.44,10.7,11374,Cafeteria,1.8455,17.5396,Moderate,train
2599,Flood,7615,1020,1,2,6.4,0.56,13.2,13769,AuditoriumRoad,7.4657,53.5141,High,train
2593,Earthquake,14959,3419,3,4,9.0,1.03,7.0,8679,Cafeteria,4.3753,162.2361,Moderate,train
813,Flood,4045,2987,2,5,2.9,0.52,17.9,6349,LibraryJunction,1.3542,10.2107,Moderate,test
2239,Flood,696,4877,2,2,3.7,0.78,3.5,13402,MainGate,0.1427,0.8237,Low,train
2226,Flood,5839,3150,5,5,6.6,1.12,7.7,7470,LibraryJunction,1.8537,68.5128,Low,train
1116,Other,12971,1688,3,1,2.6,1.39,14.9,4002,ExitGate,7.6842,27.7707,Critical,train
297,Chemical,12484,4723,3,3,6.8,1.13,12.5,14736,MainGate,2.6432,60.931,Moderate,train
544,Earthquake,13735,4027,3,5,4.8,1.21,8.8,9515,AuditoriumRoad,3.4107,99.0467,Moderate,validation
2717,Chemical,5631,2284,1,4,8.2,1.06,13.9,6865,MainGate,2.4654,85.717,Moderate,test
429,Other,2599,2552,1,3,4.4,1.2,8.5,7915,MainGate,1.0184,16.1315,Moderate,train
1021,Chemical,14865,3120,1,2,2.9,0.57,15.4,3973,AuditoriumRoad,4.7644,15.7511,Critical,train
903,Chemical,13174,3290,1,3,10.5,1.06,19.0,7343,SportsGround,4.0043,133.7036,High,train
2044,Other,3785,1724,2,3,5.6,0.62,2.3,13401,None,2.1955,22.8683,Low,train
169,Flood,6050,633,1,3,4.8,1.35,3.9,10033,HostelBlock,9.5577,185.8017,High,train
1568,Flood,13476,4169,1,1,10.8,1.59,9.8,12017,ExitGate,3.2324,55.5068,Moderate,validation
270,Flood,9438,1432,2,5,12.0,0.73,15.8,940,ExitGate,6.5908,288.677,Critical,validation
1761,Other,6878,3019,3,2,2.7,1.64,15.6,2638,HostelBlock,2.2782,20.1757,High,train
1272,Flood,12434,3204,2,2,7.5,1.58,2.2,7320,LibraryJunction,3.8808,91.975,Moderate,train
1892,Fire,13395,510,2,5,8.2,0.67,14.5,8635,None,26.2647,721.4913,Critical,train
928,Earthquake,919,3522,1,2,6.4,1.5,11.0,2168,LibraryJunction,0.2609,5.0093,Low,test
188,Other,14862,4750,3,1,4.9,1.33,11.9,2550,AuditoriumRoad,3.1288,20.3904,High,train
2894,Flood,6586,1536,3,1,11.1,0.78,4.9,2327,Cafeteria,4.2878,37.1238,High,train
2450,Flood,13895,1208,4,5,8.3,0.75,7.4,3494,None,11.5025,358.0153,Critical,validation
2185,Chemical,14841,2940,1,1,9.8,0.64,7.9,9613,None,5.048,31.6611,High,train
257,Other,12524,1681,4,1,5.3,1.23,12.2,14417,Cafeteria,7.4503,48.5685,High,train
792,Other,8242,2945,4,3,11.1,1.28,8.5,2074,HostelBlock,2.7986,119.2875,Moderate,train
1535,Earthquake,13091,4400,3,5,5.7,1.53,14.6,15276,LibraryJunction,2.9752,129.7336,Moderate,train
173,Flood,2239,2738,3,4,11.0,1.47,18.1,6834,HostelBlock,0.8178,52.8953,Low,train
1757,Earthquake,3227,4807,2,1,3.1,1.54,18.7,14676,Cafeteria,0.6713,3.2048,Moderate,validation
137,Other,3731,2737,5,1,5.8,0.64,14.2,10217,ExitGate,1.3632,5.0602,Moderate,train
2846,Other,3016,3789,5,2,4.2,1.06,10.0,14111,None,0.796,7.0876,Low,train
843,Other,11786,1856,1,5,8.5,1.5,7.6,11070,MainGate,6.3502,404.8252,High,test
836,Fire,734,4377,2,5,6.0,1.74,12.8,7194,MainGate,0.1677,8.7539,Low,validation
57,Earthquake,6581,3941,5,1,10.6,1.5,8.8,596,HostelBlock,1.6699,26.5514,High,train
2874,Flood,5826,2218,2,1,3.8,1.1,6.8,11703,SportsGround,2.6267,10.9796,Moderate,train
1215,Chemical,1468,4686,2,2,5.6,0.98,16.8,7315,MainGate,0.3133,3.4388,Low,train
348,Earthquake,3054,3099,5,5,10.0,0.79,12.6,3372,Cafeteria,0.9855,38.9273,Low,train
2582,Chemical,2541,2200,4,4,5.3,0.67,15.4,10174,AuditoriumRoad,1.155,16.4056,Moderate,validation
424,Flood,7059,3651,5,2,5.1,1.75,19.5,7919,LibraryJunction,1.9334,34.5112,Moderate,train
1018,Fire,2367,1486,4,1,5.1,0.75,4.6,789,SportsGround,1.5929,6.0928,High,train
766,Chemical,11643,1813,3,5,3.1,1.05,15.1,9473,HostelBlock,6.422,104.5181,High,train
1979,Other,13371,3662,5,5,8.0,1.78,11.5,13220,LibraryJunction,3.6513,259.9726,Moderate,train
2667,Flood,9740,2188,1,3,3.4,0.58,6.1,8386,Cafeteria,4.4516,26.3357,High,train
350,Flood,13451,3106,5,2,8.6,0.64,10.9,5925,MainGate,4.3307,47.6723,High,train
1726,Other,950,3160,3,3,7.0,0.81,8.0,4228,Cafeteria,0.3006,5.1132,Low,validation
2012,Earthquake,9610,1451,3,1,8.3,1.6,17.9,2289,MainGate,6.623,87.9534,Critical,validation
2468,Chemical,12511,4356,2,5,6.4,0.9,16.6,11909,ExitGate,2.8721,82.7165,Moderate,test
1474,Flood,3575,3625,1,3,2.5,0.81,16.6,14120,HostelBlock,0.9862,5.9912,Moderate,test
2787,Other,9301,4209,2,2,4.3,1.34,17.9,11860,None,2.2098,25.4657,Moderate,train
677,Other,12160,618,4,2,4.9,1.06,6.0,15695,LibraryJunction,19.6764,204.3984,Critical,train
391,Earthquake,6904,3307,5,4,3.9,1.62,5.2,1824,ExitGate,2.0877,52.7604,High,train
930,Other,1306,4449,3,1,8.3,1.26,8.9,10995,SportsGround,0.2935,3.0694,Low,train
1789,Other,4381,4211,5,2,6.3,1.28,12.3,15943,Cafeteria,1.0404,16.7796,Low,train
2062,Fire,6310,2496,2,1,11.0,1.49,11.1,7347,HostelBlock,2.528,41.4339,Moderate,train
1326,Earthquake,12084,4699,1,3,11.3,1.47,9.6,866,LibraryJunction,2.5716,128.1505,High,test
1047,Flood,1589,3453,1,5,3.9,1.06,8.0,3471,Cafeteria,0.4602,9.5123,Moderate,train
1536,Earthquake,11801,2375,5,5,4.8,1.57,10.8,8196,None,4.9688,187.2244,Moderate,train
1327,Fire,13911,1149,4,1,10.0,1.24,19.9,10585,SportsGround,12.107,150.1268,Critical,validation
2632,Earthquake,10746,1540,1,5,7.0,1.28,17.8,4147,AuditoriumRoad,6.9779,312.6099,Critical,train
2770,Flood,12004,4733,3,5,6.0,0.79,11.0,1861,AuditoriumRoad,2.5362,60.1079,High,validation
1031,Other,4440,4801,3,2,5.3,0.85,4.1,4168,None,0.9248,8.3324,Low,test
2233,Earthquake,9304,3338,3,3,7.8,0.72,12.5,5501,LibraryJunction,2.7873,46.9604,Moderate,train
2458,Chemical,3839,2905,4,5,11.6,1.18,7.0,7988,None,1.3215,90.4435,Low,train
349,Flood,2286,2912,2,1,11.5,1.73,9.0,13129,None,0.785,15.6176,Low,train
2339,Other,4722,1565,1,5,10.9,1.65,9.4,9442,ExitGate,3.0173,271.3307,Moderate,test
2782,Fire,12499,1535,4,4,9.3,0.73,19.0,12619,HostelBlock,8.1427,221.1232,High,train
2905,Fire,11425,2113,1,4,7.5,1.44,13.5,4141,Cafeteria,5.407,233.5824,Critical,train
1207,Flood,7856,3623,2,2,11.1,0.86,14.3,4995,MainGate,2.1684,41.3991,Moderate,train
131,Flood,14513,3396,4,1,11.7,1.28,8.3,9968,SportsGround,4.2736,64.0014,High,train
1219,Fire,13810,3603,5,1,8.7,0.7,15.7,11136,MainGate,3.8329,23.3424,High,train
1275,Other,4698,2078,3,4,8.1,0.9,13.2,7107,AuditoriumRoad,2.2608,65.9249,Low,train
2363,Other,3251,3737,2,1,6.2,0.55,19.9,10370,Cafeteria,0.8699,2.9664,Moderate,validation
2030,Fire,14830,505,1,2,4.2,1.67,16.1,15247,HostelBlock,29.3663,411.9505,Critical,validation
1408,Flood,13396,1563,2,2,8.8,1.47,14.9,5125,MainGate,8.5707,221.7412,Critical,train
936,Other,3545,1659,2,1,4.1,1.21,16.3,3848,SportsGround,2.1368,10.6007,Moderate,train
2104,Other,2242,4525,2,4,3.4,1.34,19.1,9570,SportsGround,0.4955,9.03,Moderate,train
1165,Earthquake,2561,4729,5,4,3.8,1.66,13.5,3035,AuditoriumRoad,0.5416,13.6657,Moderate,test
2472,Other,9667,1834,1,4,4.3,1.55,12.5,13062,MainGate,5.271,140.5249,High,validation
2742,Chemical,10157,4758,5,4,2.6,0.59,2.9,5932,Cafeteria,2.1347,13.0985,Moderate,validation
1579,Chemical,3592,1491,2,1,3.1,1.09,4.1,15980,HostelBlock,2.4091,8.1403,Moderate,test
864,Other,11735,4537,5,2,2.6,1.78,13.5,2317,AuditoriumRoad,2.5865,23.9406,High,validation
1043,Fire,8046,3217,2,2,3.0,1.4,13.3,2516,None,2.5011,21.0092,High,validation
2147,Flood,5279,2096,4,3,4.2,1.03,13.8,806,AuditoriumRoad,2.5186,32.6864,High,test
2959,Earthquake,10910,2797,2,3,2.5,1.05,5.2,12700,SportsGround,3.9006,30.7172,Moderate,train
768,Other,9634,3070,1,1,4.0,1.17,19.5,14108,LibraryJunction,3.1381,14.6863,High,validation
200,Other,13721,2791,5,5,3.6,1.77,9.1,13523,HostelBlock,4.9162,156.6301,High,test
1759,Chemical,8366,4380,2,5,4.3,1.43,5.4,11112,MainGate,1.91,58.7229,Moderate,train
1522,Earthquake,8501,3877,3,2,6.6,1.57,15.2,9192,None,2.1927,45.4415,Low,train
1859,Flood,1340,2213,5,2,10.2,0.72,11.8,13875,MainGate,0.6055,8.8936,Low,train
854,Fire,9295,3971,4,1,2.5,1.1,16.9,5239,LibraryJunction,2.3407,6.4369,High,train
1432,Fire,14460,4751,4,1,8.2,1.27,16.3,2115,MainGate,3.0436,31.6961,High,validation
2909,Fire,7305,1435,2,3,7.8,1.63,2.5,11218,HostelBlock,5.0906,194.1657,Moderate,train
1107,Other,3127,583,5,5,10.6,0.65,8.2,6181,ExitGate,5.3636,184.776,Moderate,test
890,Other,8925,2070,4,3,5.5,1.06,13.5,15589,None,4.3116,75.4099,Moderate,validation
920,Chemical,8142,4303,4,1,3.3,1.35,14.8,7671,LibraryJunction,1.8922,8.4298,High,train
2671,Earthquake,400,2107,4,1,3.0,0.75,5.3,8728,Cafeteria,0.1898,0.4271,Moderate,train
943,Chemical,6492,3556,4,3,8.6,1.26,9.4,1136,MainGate,1.8256,59.3466,Moderate,train
1,Other,609,1412,3,2,4.6,1.46,14.2,15117,MainGate,0.4313,5.7932,Low,train
258,Fire,6488,3217,2,1,7.3,1.77,3.0,7661,SportsGround,2.0168,26.0591,Moderate,train
1639,Earthquake,6879,4788,2,5,10.7,0.66,2.7,1702,HostelBlock,1.4367,50.7299,Moderate,train
2364,Fire,14075,3386,4,3,6.3,1.11,9.0,7749,HostelBlock,4.1568,87.2055,High,test
1088,Fire,12033,4765,1,4,11.5,1.61,13.4,10968,MainGate,2.5253,187.0237,Moderate,train
1730,Fire,5783,1265,2,5,3.6,1.55,16.2,9296,SportsGround,4.5715,127.5449,Moderate,train
1593,Chemical,8508,3787,2,2,3.6,0.71,12.3,11389,SportsGround,2.2466,11.4846,Moderate,train
2391,Chemical,4152,726,5,3,3.9,0.74,5.8,7093,LibraryJunction,5.719,49.5151,Moderate,train
847,Earthquake,594,3899,5,3,6.1,0.62,19.6,9376,LibraryJunction,0.1523,1.728,Low,validation
584,Fire,3130,1684,1,4,5.4,1.45,19.3,5231,LibraryJunction,1.8587,58.2145,Moderate,train
874,Other,13346,1007,4,1,5.4,1.31,3.2,11601,None,13.2532,93.7531,Critical,train
219,Flood,10821,4259,3,2,2.6,0.94,7.3,11549,SportsGround,2.5407,12.4189,Moderate,test
778,Flood,10134,3402,5,1,2.6,1.16,8.9,6966,HostelBlock,2.9788,8.9841,High,train
1886,Other,1912,3798,2,2,2.9,1.3,2.6,2728,HostelBlock,0.5034,3.7956,Low,train
1787,Fire,3672,877,2,3,8.3,0.66,3.8,6571,ExitGate,4.187,68.8092,Moderate,test
2197,Flood,4198,4072,2,2,10.5,1.79,5.7,14788,Cafeteria,1.0309,38.7515,Low,train
298,Earthquake,14128,3434,1,5,6.3,1.76,16.8,8605,AuditoriumRoad,4.1142,228.0912,High,train
2970,Fire,12630,715,2,5,5.0,1.74,14.9,15988,ExitGate,17.6643,768.397,Critical,train
780,Earthquake,11836,3099,5,4,3.8,0.65,2.8,2595,ExitGate,3.8193,37.7347,High,validation
1398,Chemical,6426,559,4,4,11.6,0.63,8.5,5578,MainGate,11.4955,336.0365,Critical,train
2063,Chemical,4352,3835,4,2,2.5,1.78,3.0,12218,SportsGround,1.1348,10.0997,Low,train
1636,Other,9602,3508,3,4,4.8,0.73,4.0,4566,LibraryJunction,2.7372,38.3646,Moderate,train
2362,Flood,715,4600,1,2,8.7,1.37,7.3,13581,LibraryJunction,0.1554,3.7044,Low,train
421,Chemical,12605,1382,4,1,11.3,1.59,12.6,13150,ExitGate,9.1208,163.8734,Critical,test
2428,Chemical,9878,1396,2,1,5.4,1.21,10.9,7568,ExitGate,7.0759,46.2339,High,train
1981,Earthquake,6374,2579,2,1,10.2,1.62,19.8,9354,Cafeteria,2.4715,40.8391,Moderate,train
599,Flood,12366,3891,1,5,5.3,1.44,7.7,9279,None,3.1781,121.2763,Moderate,test
1856,Chemical,3543,4774,4,5,9.5,1.39,7.1,5159,Cafeteria,0.7421,48.9972,Low,train
1415,Other,7188,3493,1,5,3.7,0.8,10.2,2320,MainGate,2.0578,30.4554,High,validation
2793,Flood,593,1590,5,3,11.2,0.86,14.9,1351,MainGate,0.373,10.7782,Low,train
2973,Fire,11575,2827,2,3,8.3,1.33,9.8,8972,HostelBlock,4.0944,135.5942,Moderate,validation
919,Earthquake,12421,3315,4,2,6.3,0.51,4.1,15526,LibraryJunction,3.7469,24.0776,Moderate,train
397,Flood,12489,3442,2,2,11.5,1.69,9.3,4242,SportsGround,3.6284,141.0359,High,train
638,Chemical,3654,1870,5,3,3.0,0.84,16.8,1360,LibraryJunction,1.954,14.7722,High,train
2708,Flood,8423,2612,3,3,7.8,1.65,19.9,3932,HostelBlock,3.2247,124.5057,High,train
2296,Chemical,8320,3693,2,2,3.6,1.55,6.6,14756,AuditoriumRoad,2.2529,25.1424,Moderate,test
2767,Chemical,6864,950,1,5,3.1,0.67,3.2,2365,Cafeteria,7.2253,75.0347,Critical,train
1079,Other,3153,1203,1,4,9.8,0.76,7.9,5698,HostelBlock,2.6209,78.0819,Moderate,train
1153,Fire,4922,4488,1,3,2.6,0.55,7.1,10216,MainGate,1.0967,4.7048,Moderate,test
2600,Fire,8599,2238,4,1,4.1,1.54,8.0,1294,SportsGround,3.8423,24.2603,High,train
2324,Other,13472,631,2,5,11.1,1.4,4.7,2757,SportsGround,21.3502,1658.9105,Critical,train
2724,Fire,569,4402,1,1,5.3,1.8,18.6,2322,SportsGround,0.1293,1.2335,Moderate,train
2417,Chemical,5329,3717,5,5,8.3,1.74,4.1,4476,ExitGate,1.4337,103.5275,Low,test
1661,Other,8171,2430,4,4,8.1,1.03,17.3,5193,SportsGround,3.3626,112.2167,Moderate,train
2238,Other,3467,4263,3,3,10.6,1.28,2.7,4290,ExitGate,0.8133,33.1046,Low,train
2904,Fire,247,1719,1,2,7.6,1.21,8.5,4367,LibraryJunction,0.1437,2.6429,Low,train
1147,Flood,2047,4467,3,5,9.4,0.53,19.6,14529,SportsGround,0.4582,11.4138,Low,train
1857,Chemical,2560,4519,4,2,6.5,1.67,16.2,12286,AuditoriumRoad,0.5665,12.2987,Low,train
1888,Other,3614,3263,5,1,8.8,1.09,17.8,13791,AuditoriumRoad,1.1076,10.6241,Moderate,train
437,Earthquake,8998,4948,4,1,5.8,1.65,13.9,5924,HostelBlock,1.8185,17.403,High,validation
2791,Chemical,7128,2240,4,5,6.1,1.73,11.2,15876,Cafeteria,3.1821,167.9035,Moderate,train
1264,Fire,9922,4512,2,1,3.8,1.3,10.5,12346,SportsGround,2.199,10.8631,Moderate,train
1932,Chemical,10685,2899,1,5,11.3,1.41,7.1,10491,Cafeteria,3.6858,293.6293,Moderate,train
112,Chemical,13413,4447,3,3,10.1,1.11,3.4,12856,SportsGround,3.0162,101.4439,Moderate,validation
2509,Fire,12361,1808,2,3,11.1,0.93,19.5,11132,LibraryJunction,6.8368,211.7289,High,train
1387,Earthquake,9603,1218,4,5,8.7,0.75,3.3,11705,Cafeteria,7.8842,257.222,Moderate,train
1570,Flood,2587,4929,3,3,6.4,1.25,8.7,6192,AuditoriumRoad,0.5249,12.5976,Low,train
407,Flood,5584,1896,3,4,11.6,0.85,15.2,6605,HostelBlock,2.9451,116.1547,Moderate,train
5,Other,2245,4892,4,1,7.7,1.58,13.1,14618,HostelBlock,0.4589,5.583,Moderate,train
2114,Chemical,4319,3108,5,1,10.1,1.72,13.9,6534,MainGate,1.3896,24.1401,Moderate,train
2372,Chemical,9210,3038,1,1,2.5,0.52,4.1,12969,AuditoriumRoad,3.0316,3.9411,Moderate,train
250,Other,11001,4458,4,1,2.6,1.22,2.2,9173,AuditoriumRoad,2.4677,7.8275,Moderate,test
764,Chemical,13679,1239,2,3,4.5,1.66,18.5,10844,HostelBlock,11.0404,247.4154,Critical,train
1431,Other,11105,4053,3,1,12.0,1.57,10.8,10439,Cafeteria,2.7399,51.6197,Moderate,train
2370,Other,14259,3091,2,1,3.9,0.98,3.3,8303,HostelBlock,4.6131,17.6313,High,train
1997,Earthquake,11375,4834,4,5,3.2,0.54,16.5,7524,LibraryJunction,2.3531,20.3308,High,train
1126,Earthquake,2015,852,1,3,3.2,0.93,13.0,13811,Cafeteria,2.365,21.1147,Moderate,train
63,Fire,12557,829,1,2,4.4,0.53,4.7,2568,ExitGate,15.1472,70.6465,Critical,validation
2675,Flood,4752,1619,1,1,11.9,0.8,19.6,2637,LibraryJunction,2.9351,27.9422,High,train
226,Fire,2655,4896,2,3,10.6,1.07,14.2,12245,ExitGate,0.5423,18.4523,Low,validation
249,Other,2452,3878,2,1,9.2,0.51,11.1,6614,None,0.6323,2.9668,Low,test
2701,Flood,2061,725,4,2,7.9,0.85,12.5,12975,MainGate,2.8428,38.1788,Moderate,train
1921,Flood,1099,3864,2,1,8.5,1.36,6.7,14420,MainGate,0.2844,3.2877,Low,test
1345,Flood,5000,1586,1,1,4.5,1.1,6.4,10383,ExitGate,3.1526,15.6054,Moderate,train
603,Flood,6331,1419,1,2,11.2,1.08,2.4,8407,LibraryJunction,4.4616,107.935,Moderate,train
1546,Other,3116,3740,3,5,10.4,0.54,7.1,9767,None,0.8332,23.3963,Low,test
548,Earthquake,4017,2546,3,3,3.4,1.02,18.5,12530,MainGate,1.5778,16.4154,Moderate,train
2685,Earthquake,3790,3526,2,4,10.6,1.41,4.9,14887,ExitGate,1.0749,64.2618,Low,validation
2578,Earthquake,11052,4664,3,4,10.9,1.53,19.0,12442,MainGate,2.3696,158.0713,Moderate,train
1677,Other,4752,4557,2,2,6.5,1.5,13.4,12155,HostelBlock,1.0428,20.3346,Low,train
2313,Chemical,12674,2205,2,1,3.1,0.52,11.3,4574,AuditoriumRoad,5.7478,9.2655,Critical,train
54,Flood,14899,4152,2,4,6.8,1.48,17.1,5043,ExitGate,3.5884,144.4546,High,test
2425,Other,4638,1270,2,2,3.5,1.33,7.4,11414,None,3.652,34.0001,Moderate,validation
2595,Earthquake,312,546,1,4,7.5,0.94,16.2,7298,LibraryJunction,0.5714,16.1135,Low,train
1751,Earthquake,8756,4523,1,2,4.2,1.49,11.0,13415,None,1.9359,24.2297,Moderate,train
87,Chemical,12702,829,2,4,7.4,1.07,7.0,10090,Cafeteria,15.3221,485.2816,Critical,test
515,Other,5173,1775,1,1,7.5,1.49,4.5,5198,ExitGate,2.9144,32.5684,Moderate,train
2528,Chemical,6290,4708,5,5,6.3,1.73,13.3,11860,None,1.336,72.8053,Low,train
1617,Flood,576,1742,5,5,5.5,0.79,16.5,14018,Cafeteria,0.3307,7.1845,Low,train
203,Chemical,10300,3719,3,5,5.7,1.58,11.6,12111,AuditoriumRoad,2.7696,124.7151,Moderate,train
859,Other,270,4403,1,2,6.4,1.66,14.7,12992,Cafeteria,0.0613,1.3025,Low,validation
2482,Earthquake,3472,512,4,1,3.6,0.57,12.8,3057,Cafeteria,6.7812,13.915,High,train
1032,Flood,4981,2451,1,2,11.4,0.86,4.4,14809,None,2.0322,39.8474,Low,train
536,Chemical,10995,4786,1,1,10.4,0.67,17.7,3810,MainGate,2.2973,16.0076,High,train
2564,Chemical,854,2622,2,5,11.3,0.92,15.7,13860,Cafeteria,0.3257,16.9299,Low,test
267,Chemical,2419,1376,3,1,11.5,0.93,13.2,13673,HostelBlock,1.758,18.8018,Moderate,validation
2993,Earthquake,12299,2775,1,4,6.0,0.96,11.1,4467,AuditoriumRoad,4.4321,102.1156,High,validation
1284,Fire,3132,3565,1,2,6.7,1.18,2.1,5585,HostelBlock,0.8785,13.8908,Low,validation
276,Earthquake,6608,3564,4,5,9.1,0.7,20.0,8409,MainGate,1.8541,59.0531,Moderate,train
573,Earthquake,3983,2402,1,3,3.3,1.51,4.4,14363,ExitGate,1.6582,24.7884,Moderate,validation
1141,Fire,11676,4622,5,4,9.5,1.61,14.4,3289,HostelBlock,2.5262,154.5529,High,train
727,Fire,2426,4757,4,3,9.2,1.22,2.7,5875,ExitGate,0.51,17.1727,Low,train
947,Chemical,12831,1456,1,4,6.3,1.26,18.2,8995,SportsGround,8.8125,279.8145,Critical,validation
2015,Flood,4401,4463,1,5,8.0,0.91,14.8,11954,AuditoriumRoad,0.9861,35.894,Low,train
2152,Flood,5743,3701,2,4,9.6,1.45,15.6,12931,LibraryJunction,1.5517,86.3987,Low,train
2199,Flood,7652,3757,1,2,6.6,0.9,16.0,513,MainGate,2.0367,24.196,High,train
1397,Fire,3329,3900,2,1,10.1,0.97,6.6,2334,ExitGate,0.8536,8.3627,Moderate,train
409,Flood,2371,1426,1,2,3.5,1.68,10.7,9821,ExitGate,1.6627,19.5534,Moderate,train
2359,Chemical,14843,1563,2,5,10.9,1.26,19.8,4617,ExitGate,9.4965,652.1247,Critical,train
2696,Chemical,13028,2939,4,4,4.2,1.34,17.1,12766,LibraryJunction,4.4328,99.7912,High,train
821,Fire,13336,1630,4,4,11.2,1.67,19.1,8956,HostelBlock,8.1816,612.1146,Critical,train
1053,Earthquake,8833,3955,5,2,9.2,0.81,2.1,14436,None,2.2334,33.2866,Low,train
1322,Other,7033,3423,1,4,5.6,1.33,12.7,6353,None,2.0546,61.2106,Moderate,test
1465,Flood,11156,1453,5,1,5.7,0.98,6.3,13895,ExitGate,7.6779,42.8887,High,train
1049,Fire,14318,517,2,2,5.5,1.01,15.0,13370,ExitGate,27.6944,307.6848,Critical,train
2921,Fire,9068,2779,2,4,9.0,1.7,6.1,12442,SportsGround,3.263,199.6956,Moderate,validation
1555,Earthquake,8570,3566,4,2,10.4,1.48,6.6,3707,HostelBlock,2.4033,73.9832,Moderate,test
1871,Other,520,2524,5,3,5.0,0.83,16.6,13196,ExitGate,0.206,2.5647,Low,train
2832,Fire,9366,697,3,3,4.5,0.69,17.8,7064,SportsGround,13.4376,125.1712,Critical,validation
1234,Chemical,4758,4752,5,5,5.5,0.95,5.0,5216,AuditoriumRoad,1.0013,26.159,Low,train
1806,Other,12159,912,3,2,8.6,0.85,18.1,7719,ExitGate,13.3322,194.9168,Critical,train
2074,Other,4567,3126,2,1,9.0,1.61,13.5,1143,ExitGate,1.461,21.1699,High,test
1130,Fire,8303,1115,1,2,2.6,0.78,16.7,3578,ExitGate,7.4466,30.2034,Critical,train
208,Other,11049,3162,4,5,6.1,1.74,10.3,9234,HostelBlock,3.4943,185.4425,Moderate,train
1025,Flood,3360,2060,4,1,3.2,1.21,8.2,12384,ExitGate,1.6311,6.3156,Moderate,train
480,Flood,1842,1825,2,5,6.3,0.94,11.9,11920,None,1.0093,29.8854,Low,train
1358,Flood,3073,4448,4,4,2.6,1.73,8.2,5567,SportsGround,0.6909,12.4307,Moderate,train
1270,Flood,7334,1463,3,3,7.5,1.3,8.7,11153,LibraryJunction,5.013,146.6302,Moderate,train
586,Flood,4097,4542,2,5,8.8,1.09,10.0,10350,None,0.902,43.2599,Low,train
66,Other,1869,2489,3,5,10.2,1.54,12.2,1172,HostelBlock,0.7509,58.9757,Moderate,train
747,Other,4908,2253,3,1,5.3,1.25,16.5,10732,MainGate,2.1784,14.4319,Moderate,test
1919,Flood,10203,1433,4,1,3.1,1.57,6.8,14974,Cafeteria,7.12,34.653,High,train
1986,Chemical,6416,4055,1,1,11.1,1.16,13.4,11501,ExitGate,1.5822,20.3724,Moderate,validation
42,Earthquake,10710,3376,5,4,9.0,1.6,8.0,952,MainGate,3.1724,182.7302,High,validation
2392,Chemical,3153,2189,1,2,4.2,1.34,10.7,2243,MainGate,1.4404,16.2131,Moderate,validation
1916,Chemical,8274,4835,2,1,4.4,1.27,14.3,13831,Cafeteria,1.7113,9.5627,Moderate,validation
1910,Earthquake,2765,3797,4,3,10.5,1.66,9.9,2939,MainGate,0.7282,38.0776,Low,validation
2186,Chemical,5206,3033,2,1,2.9,1.0,12.3,8732,ExitGate,1.7165,4.9778,Moderate,train
2225,Fire,13610,3783,3,2,5.4,0.55,4.6,13248,LibraryJunction,3.5977,21.3703,Moderate,validation
2933,Chemical,6621,938,5,2,9.1,0.65,5.7,13988,None,7.0586,83.5032,Moderate,validation
1305,Flood,2926,4695,3,5,11.7,1.73,5.6,9805,LibraryJunction,0.6232,63.071,Low,train
1089,Flood,12417,2290,2,4,9.1,1.51,12.8,4041,HostelBlock,5.4223,298.0313,High,validation
2464,Flood,7477,2531,3,4,8.1,0.82,2.5,8414,ExitGate,2.9542,78.4872,Low,train
2908,Chemical,5993,689,2,1,4.9,1.43,16.0,8264,None,8.6981,60.9476,High,train
1422,Flood,2498,3861,2,4,10.3,1.49,16.5,4472,Cafeteria,0.647,39.718,Low,validation
1577,Flood,11934,2042,1,5,10.1,1.14,18.5,11885,AuditoriumRoad,5.8443,336.4564,High,train
1825,Flood,5563,1636,5,4,11.7,1.48,19.2,9634,AuditoriumRoad,3.4004,235.5253,Moderate,test
1845,Earthquake,1609,808,3,2,6.2,0.61,7.3,2261,HostelBlock,1.9913,15.0622,Low,train
2608,Chemical,14034,2066,3,2,2.9,0.63,15.4,11395,ExitGate,6.7928,24.8209,High,train
1686,Fire,3103,3191,5,2,2.6,1.06,7.9,4523,ExitGate,0.9724,5.3599,Moderate,train
75,Fire,3338,2016,2,4,5.1,1.27,15.7,10277,AuditoriumRoad,1.6558,42.8985,Moderate,train
2099,Flood,13046,4470,2,3,3.7,0.99,13.1,14053,SportsGround,2.9186,32.0725,Moderate,test
419,Fire,8752,4986,3,1,2.9,0.71,4.5,12244,Cafeteria,1.7553,3.6142,Moderate,train
1437,Earthquake,10821,4983,3,4,9.7,1.52,5.1,8689,MainGate,2.1716,128.0723,Moderate,train
342,Flood,2815,2406,1,2,8.7,0.85,16.7,15528,None,1.17,17.3043,Low,validation
373,Chemical,12140,2707,4,5,8.6,0.74,5.8,13999,Cafeteria,4.4847,142.7032,Moderate,train
2674,Flood,14288,1281,4,4,11.0,0.77,15.3,2804,LibraryJunction,11.1538,377.8907,Critical,train
1295,Earthquake,1073,3043,4,3,4.2,0.68,7.7,4202,SportsGround,0.3526,3.0211,Low,train
623,Fire,6249,1011,5,1,2.5,1.23,19.6,2297,AuditoriumRoad,6.181,19.0066,Critical,test
271,Earthquake,13269,4091,3,1,10.3,1.53,9.4,8680,LibraryJunction,3.2435,51.1143,High,train
2178,Earthquake,655,1596,3,5,9.4,0.7,12.7,2417,MainGate,0.4104,13.5022,Low,test
496,Chemical,1087,1550,5,4,7.0,1.2,11.0,6950,LibraryJunction,0.7013,23.5637,Low,train
1020,Flood,8553,1002,4,1,5.4,0.85,7.1,6251,Cafeteria,8.5359,39.1798,Critical,validation
1262,Other,7609,1387,2,5,11.8,1.02,6.2,6559,ExitGate,5.4859,330.1415,Moderate,train
357,Earthquake,3567,3212,2,4,9.1,1.44,15.1,4846,AuditoriumRoad,1.1105,58.208,Low,validation
1314,Flood,4868,1734,3,4,8.9,1.12,6.7,7409,LibraryJunction,2.8074,111.9367,Low,validation
1496,Fire,7904,1657,1,5,8.7,0.89,17.0,13190,Cafeteria,4.7701,184.6744,Moderate,test
61,Earthquake,3177,4282,1,3,6.1,0.78,7.9,12971,Cafeteria,0.7419,10.5899,Low,train
1409,Flood,4306,2353,2,3,5.6,1.77,14.0,9018,AuditoriumRoad,1.83,54.4169,Moderate,validation
2193,Other,6914,3959,1,2,9.2,0.58,8.3,3722,LibraryJunction,1.7464,18.6376,Moderate,train
2780,Other,555,1485,3,4,8.4,0.91,19.3,9979,LibraryJunction,0.3737,11.4263,Low,train
1282,Earthquake,9383,4081,4,4,9.1,0.83,4.2,15241,Cafeteria,2.2992,69.4634,Low,train
1330,Fire,13013,653,4,2,5.1,1.1,16.2,10901,HostelBlock,19.928,223.5922,Critical,train
2478,Flood,10149,2617,5,2,11.6,0.85,12.1,8898,AuditoriumRoad,3.8781,76.4761,Moderate,train
301,Fire,14653,1580,3,2,10.8,1.64,3.7,6405,AuditoriumRoad,9.2741,328.5257,Critical,train
1960,Other,6303,1256,5,3,7.6,1.17,9.0,1482,None,5.0183,133.8682,High,test
1434,Fire,810,4782,4,4,8.9,0.53,12.2,895,HostelBlock,0.1694,3.1962,Low,validation
1309,Flood,7913,1318,5,4,9.1,1.69,14.0,14120,ExitGate,6.0038,369.3298,Moderate,train
441,Flood,7500,4667,4,1,5.3,1.35,7.8,1849,MainGate,1.607,11.4981,High,train
2611,Fire,12563,4776,2,5,5.5,1.33,17.7,11908,AuditoriumRoad,2.6304,96.2069,Moderate,train
2335,Earthquake,13720,3636,1,1,8.4,0.93,2.1,8679,SportsGround,3.7734,29.4778,High,validation
2518,Chemical,860,4265,2,3,9.5,1.55,17.3,5587,AuditoriumRoad,0.2016,8.9057,Low,train
1668,Earthquake,11489,2333,3,1,6.2,0.94,4.9,8244,ExitGate,4.9246,28.7006,High,train
2935,Fire,2174,3953,2,1,7.0,1.62,7.9,9976,None,0.55,6.237,Low,train
2408,Other,930,1889,5,1,8.8,1.7,12.2,14301,LibraryJunction,0.4923,7.3648,Low,train
2723,Fire,6585,1778,4,2,9.7,0.97,8.6,4743,Cafeteria,3.7036,69.6943,Moderate,train
321,Flood,4267,3136,4,3,5.1,0.6,8.7,8725,None,1.3607,12.4912,Low,train
2145,Fire,3299,2944,3,3,6.3,0.79,3.3,15811,HostelBlock,1.1206,16.7317,Low,train
123,Other,1058,2673,2,4,7.5,1.47,10.6,13247,HostelBlock,0.3958,17.4548,Low,train
46,Other,6792,3172,3,5,3.7,1.05,18.9,11597,LibraryJunction,2.1412,41.5928,Moderate,train
474,Earthquake,6268,3946,1,5,6.6,1.72,10.7,13093,Cafeteria,1.5884,90.1576,Moderate,train
1722,Chemical,1231,666,5,1,4.8,0.87,16.6,12914,LibraryJunction,1.8483,7.7185,Moderate,train
2727,Earthquake,8986,1610,2,1,7.0,0.72,11.0,2323,MainGate,5.5814,28.1303,Critical,train
1137,Fire,3303,2908,4,2,8.1,1.19,10.9,7603,MainGate,1.1358,21.896,Low,test
592,Chemical,1990,976,5,5,11.9,1.13,14.4,15800,AuditoriumRoad,2.0389,137.0854,Low,train
2524,Fire,11968,2722,5,4,8.9,0.82,14.0,15603,Cafeteria,4.3968,128.3514,Moderate,train
2766,Other,2248,1048,1,5,4.0,0.61,14.6,5761,ExitGate,2.145,26.169,Moderate,validation
1685,Chemical,8336,919,5,2,7.6,1.22,16.0,14512,SportsGround,9.0707,168.2071,High,test
1144,Other,7942,2527,1,1,10.3,1.24,19.8,14186,SportsGround,3.1429,40.1411,Moderate,train
1045,Fire,7198,2356,4,2,5.9,0.87,18.6,11713,Cafeteria,3.0552,31.3647,Moderate,test
2090,Fire,12309,2788,2,4,10.9,1.16,10.3,4875,ExitGate,4.415,223.293,High,validation
2911,Earthquake,13283,2669,3,3,5.0,0.97,12.9,2822,Cafeteria,4.9768,72.4124,High,train
2183,Earthquake,13617,1026,1,2,10.6,0.62,16.9,13314,MainGate,13.2719,174.4459,Critical,train
1622,Earthquake,12734,4934,3,2,10.9,1.14,16.2,9084,HostelBlock,2.5809,64.1405,Moderate,test
2175,Flood,8340,4171,3,5,9.2,0.74,9.7,11279,SportsGround,1.9995,68.063,Low,train
26,Earthquake,11612,3965,5,4,4.0,0.89,19.4,9989,None,2.9286,41.7033,Moderate,train
1760,Other,4168,2693,2,1,3.8,1.02,14.2,12394,LibraryJunction,1.5477,5.9989,Moderate,test
1442,Other,11929,1694,3,5,5.9,0.67,8.9,14344,AuditoriumRoad,7.0419,139.1832,High,test
382,Chemical,320,1338,5,3,7.8,1.27,7.1,11713,MainGate,0.2392,7.1085,Low,validation
1646,Fire,8502,3042,2,1,11.9,0.69,14.8,4917,None,2.7949,22.9489,Moderate,train
1805,Flood,7624,945,4,2,10.7,1.18,17.7,7763,Cafeteria,8.0677,203.7256,High,train
2940,Flood,10511,1046,3,4,10.7,1.67,18.3,2241,LibraryJunction,10.0488,718.248,Critical,train
2004,Earthquake,10082,1654,4,3,7.4,0.6,3.0,12085,AuditoriumRoad,6.0955,81.1921,Moderate,test
2384,Flood,11393,3590,2,2,7.0,0.59,17.0,3883,HostelBlock,3.1735,26.2131,High,validation
1511,Earthquake,9232,3227,1,2,10.8,1.7,2.2,9898,None,2.8609,105.0522,Low,train
1756,Other,3606,3831,2,4,8.2,1.3,10.3,6317,None,0.9413,40.137,Low,train
1976,Other,4768,1911,3,3,11.2,1.74,6.7,7504,None,2.495,145.8677,Low,validation
1723,Fire,255,4828,2,1,5.6,1.4,12.0,9805,HostelBlock,0.0528,0.414,Moderate,test
589,Chemical,2843,1960,3,5,8.8,1.41,12.3,9710,LibraryJunction,1.4505,89.989,Low,train
2585,Chemical,7358,4189,2,2,11.1,1.56,19.5,12021,AuditoriumRoad,1.7565,60.8311,Moderate,train
1227,Chemical,14445,1535,1,4,2.7,0.72,3.3,8936,Cafeteria,9.4104,73.1753,Critical,train
940,Chemical,7202,3624,1,3,8.2,0.7,15.1,4715,Cafeteria,1.9873,34.2213,Moderate,train
2002,Other,11768,2882,1,2,7.1,1.0,5.3,1722,MainGate,4.0833,57.9829,High,train
1206,Flood,12017,3679,3,5,6.9,1.24,12.2,9001,AuditoriumRoad,3.2664,139.7366,Moderate,train
580,Chemical,1681,4200,5,1,4.2,1.26,18.1,9452,LibraryJunction,0.4002,2.1179,Moderate,train
2650,Fire,14171,3979,3,1,8.0,1.34,8.9,13921,LibraryJunction,3.5614,38.1782,Moderate,validation
1599,Earthquake,1389,4705,5,2,4.8,1.48,17.1,6426,SportsGround,0.2952,4.1942,Moderate,train
2369,Fire,3810,1040,1,1,5.4,0.64,9.7,13760,MainGate,3.6635,12.6611,Moderate,test
1182,Flood,14363,4977,1,3,4.3,1.45,18.4,11022,ExitGate,2.8859,53.9808,High,test
779,Fire,9710,836,2,3,4.1,1.14,8.1,8169,LibraryJunction,11.6148,162.8627,Critical,validation
570,Earthquake,10951,1689,5,2,5.5,1.22,19.1,2439,LibraryJunction,6.4837,87.0113,Critical,validation
374,Flood,14408,4731,3,1,7.4,0.71,7.6,8803,Cafeteria,3.0454,16.0005,Moderate,train
1289,Chemical,5650,636,3,2,11.1,1.26,19.0,8959,None,8.8836,248.4921,High,train
1148,Flood,8356,3426,1,2,8.0,1.4,9.8,3880,MainGate,2.439,54.6336,High,train
1996,Chemical,10143,3681,4,1,7.5,1.2,12.0,9020,MainGate,2.7555,24.7995,Moderate,test
439,Chemical,7501,3334,2,5,11.2,0.82,2.7,15010,HostelBlock,2.2499,103.3154,Low,train
927,Other,445,1922,4,3,2.6,0.78,6.0,11280,AuditoriumRoad,0.2315,1.4084,Low,train
772,Fire,10325,3785,4,5,5.0,0.62,8.6,9793,MainGate,2.7279,42.2825,Moderate,train
484,Flood,13044,775,5,5,7.4,0.8,5.1,1090,HostelBlock,16.831,498.1976,Critical,train
1903,Chemical,9274,3879,2,1,6.8,0.86,19.0,8511,LibraryJunction,2.3908,13.9814,Moderate,test
2831,Other,6608,4973,1,1,5.4,1.47,16.2,5736,MainGate,1.3288,10.548,High,train
1401,Other,9968,1001,2,3,6.0,1.04,4.8,3324,LibraryJunction,9.958,186.4138,Critical,validation
2981,Other,10730,2908,5,3,3.9,1.63,14.7,8031,HostelBlock,3.6898,70.3682,High,train
2679,Other,11329,3872,3,3,3.7,0.9,11.0,5389,AuditoriumRoad,2.9259,29.2297,High,test
2281,Other,4852,3815,4,4,2.6,0.83,6.2,638,None,1.2718,10.9782,Moderate,train
117,Earthquake,14706,1765,4,1,10.4,1.3,18.9,5083,None,8.332,112.6486,Critical,test
1813,Other,8322,4331,5,5,11.8,0.99,5.4,7831,MainGate,1.9215,112.2348,Low,test
1354,Flood,11928,3012,2,5,8.5,1.12,9.9,5331,LibraryJunction,3.9602,188.5055,High,train
1838,Flood,14393,2320,2,5,11.6,1.7,18.8,6073,Cafeteria,6.2039,611.7045,Critical,train
1195,Fire,12446,3883,5,5,2.9,1.54,17.7,4594,None,3.2053,71.5743,High,train
78,Flood,1041,2010,3,4,3.6,0.58,10.9,9953,None,0.5179,4.3255,Low,train
2028,Flood,2531,656,3,3,9.2,1.08,9.0,11751,LibraryJunction,3.8582,115.0052,Moderate,train
2228,Earthquake,4437,740,4,3,7.1,1.01,11.7,11718,HostelBlock,5.9959,128.9898,Moderate,validation
809,Chemical,8306,1457,5,3,6.8,1.07,4.9,12398,SportsGround,5.7008,124.4371,Moderate,train
1410,Fire,7114,3186,3,2,8.0,1.72,2.6,15344,Cafeteria,2.2329,61.4494,Low,train
2957,Fire,12903,1919,2,5,5.8,0.8,8.9,9817,AuditoriumRoad,6.7238,155.9922,High,train
2951,Chemical,2777,752,3,2,10.2,1.48,2.1,10345,AuditoriumRoad,3.6928,111.493,Low,train
184,Chemical,3873,4667,1,2,10.0,0.81,10.9,6412,HostelBlock,0.8299,13.4444,Low,train
829,Other,4455,3555,5,3,3.7,1.48,18.9,7852,AuditoriumRoad,1.2532,20.5876,Moderate,train
222,Fire,11550,3445,2,1,8.8,1.11,4.9,11740,AuditoriumRoad,3.3527,32.7492,Moderate,train
971,Flood,10012,781,3,3,7.3,1.4,6.9,14388,ExitGate,12.8195,393.0459,Critical,train
2127,Chemical,9578,2939,4,5,6.8,0.9,18.9,7377,SportsGround,3.2589,99.7223,Moderate,train
1009,Earthquake,8185,1514,1,2,9.8,0.83,10.5,6632,AuditoriumRoad,5.4062,87.9481,High,train
2594,Earthquake,12514,3185,3,4,5.8,1.79,5.1,8204,Cafeteria,3.929,163.1635,Moderate,train
2101,Other,6157,2853,4,2,9.9,0.79,6.1,7493,MainGate,2.1581,33.757,Low,test
1923,Fire,1568,1417,4,1,9.4,1.2,13.3,5247,None,1.1066,12.4824,Low,train
883,Flood,2858,3192,1,4,10.8,1.68,10.9,15572,None,0.8954,64.9846,Low,train
561,Fire,9751,3585,5,1,4.9,0.58,5.6,11911,AuditoriumRoad,2.7199,7.73,Moderate,test
2775,Earthquake,2484,4790,1,1,3.4,0.86,17.7,13845,Cafeteria,0.5186,1.5164,Moderate,test
1002,Chemical,11292,3973,5,2,7.1,1.17,20.0,15050,MainGate,2.8422,47.2203,Moderate,validation
402,Earthquake,4831,1464,1,1,7.2,1.29,16.0,14123,SportsGround,3.2999,30.6495,Moderate,train
601,Earthquake,3270,3691,5,1,10.7,1.48,14.7,5652,None,0.8859,14.0291,Low,test
594,Chemical,8269,4577,2,5,4.7,0.88,5.5,2436,None,1.8066,37.3605,Moderate,validation
1386,Other,10593,3234,1,1,7.9,1.77,16.1,9212,LibraryJunction,3.2755,45.8013,High,train
471,Flood,3965,1063,4,4,3.8,0.52,11.4,15398,Cafeteria,3.73,29.4819,Moderate,train
251,Flood,480,2848,5,4,10.2,1.68,3.9,2078,LibraryJunction,0.1685,11.5497,Low,train
2551,Chemical,9983,1875,3,2,3.7,1.3,2.9,11959,Cafeteria,5.3243,51.2198,Moderate,test
1715,Earthquake,6405,3867,5,3,6.7,0.76,13.4,3887,Cafeteria,1.6563,25.3016,Moderate,validation
2688,Flood,5079,1734,1,3,7.0,0.7,10.2,11065,Cafeteria,2.9291,43.0578,Moderate,train
378,Flood,13924,1839,3,1,5.2,1.0,4.9,9875,SportsGround,7.5715,39.3718,High,train
2563,Earthquake,3307,2277,2,5,9.1,0.78,14.3,3946,Cafeteria,1.4523,51.5421,Low,train
1785,Earthquake,10377,1668,2,5,10.4,0.88,19.3,2397,SportsGround,6.2212,284.6821,Critical,train
617,Other,1282,3644,3,2,10.2,1.27,16.1,7632,HostelBlock,0.3518,9.1144,Low,train
2751,Earthquake,12699,2459,2,2,8.7,1.31,8.1,10326,AuditoriumRoad,5.1643,117.7151,Moderate,train
1298,Fire,10784,3341,3,2,5.8,1.76,11.9,12675,AuditoriumRoad,3.2278,65.8988,Moderate,test
1526,Earthquake,12405,4972,2,2,8.1,0.56,8.4,8117,ExitGate,2.495,22.6346,Moderate,train
346,Fire,1175,3150,1,2,8.1,1.69,15.9,14368,HostelBlock,0.373,10.212,Low,test
2757,Flood,9807,2389,2,5,2.9,1.19,18.9,6370,None,4.1051,70.8335,High,test
38,Flood,11374,2220,2,1,5.9,1.23,17.7,10668,LibraryJunction,5.1234,37.1805,High,train
1679,Chemical,4680,4636,5,4,11.0,1.79,13.0,10530,SportsGround,1.0095,79.5082,Low,train
2915,Flood,9120,2102,5,4,9.6,1.57,2.8,12451,LibraryJunction,4.3387,261.5715,Moderate,train
2798,Chemical,13858,2249,3,2,7.5,1.35,6.9,11079,SportsGround,6.1618,124.7765,Moderate,train
694,Flood,11862,1817,5,3,4.2,0.73,14.7,15322,LibraryJunction,6.5283,60.0473,High,train
2640,Other,11773,4211,2,5,11.1,1.37,13.9,4326,MainGate,2.7958,212.5787,High,train
1461,Other,3288,1912,5,4,4.2,0.78,8.2,14788,LibraryJunction,1.7197,22.5349,Moderate,train
948,Other,13794,1858,4,3,9.1,1.15,11.6,15026,Cafeteria,7.4241,233.0796,High,validation
1682,Chemical,7560,2325,3,3,11.0,1.61,16.7,11451,AuditoriumRoad,3.2516,172.7575,Moderate,train
1467,Earthquake,11070,1245,3,5,7.8,1.41,11.4,12901,SportsGround,8.8916,488.9491,High,train
2541,Fire,6327,1562,4,5,11.1,0.51,18.3,8969,Cafeteria,4.0506,114.6522,Moderate,test
758,Flood,4100,1239,5,1,9.8,0.91,17.0,12578,Cafeteria,3.3091,29.5106,Moderate,train
2431,Earthquake,10629,3232,5,3,9.5,1.19,16.9,9371,LibraryJunction,3.2887,111.5363,Moderate,test
886,Earthquake,10543,2092,5,3,2.9,0.54,5.6,3353,SportsGround,5.0397,23.6765,High,train
1847,Earthquake,7529,3991,3,1,2.7,1.31,19.1,2952,MainGate,1.8865,6.6726,Critical,train
553,Earthquake,13083,2873,4,2,3.8,0.61,12.3,1307,Cafeteria,4.5538,21.1114,High,train
2875,Flood,10365,4526,3,2,3.2,1.44,18.3,2329,LibraryJunction,2.2901,21.1056,High,validation
2404,Fire,13671,1465,4,2,5.8,0.56,19.5,9727,Cafeteria,9.3317,60.6187,Critical,train
2867,Earthquake,14963,4660,5,3,4.8,1.51,13.7,13139,SportsGround,3.2109,69.8178,Moderate,train
2405,Other,13806,1527,4,4,6.8,1.34,16.8,7932,LibraryJunction,9.0413,329.5373,Critical,test
1355,Flood,10152,1700,3,4,4.9,0.8,17.3,10055,AuditoriumRoad,5.9718,93.6378,High,test
905,Earthquake,5767,3405,2,4,6.5,1.48,15.7,11813,AuditoriumRoad,1.6937,65.1736,Moderate,train
1190,Fire,10000,3909,5,1,10.9,1.12,4.3,12351,None,2.5582,31.2305,Low,train
1697,Fire,9942,1286,5,5,9.8,1.27,10.5,9569,HostelBlock,7.7309,481.0939,High,train
2586,Other,3028,2959,2,3,6.3,1.1,11.1,8555,MainGate,1.0233,21.2744,Low,train
539,Other,6113,997,5,4,10.3,1.53,3.0,10607,AuditoriumRoad,6.1314,386.4989,Moderate,train
1532,Earthquake,8699,2426,4,2,6.5,0.52,7.5,3098,HostelBlock,3.5857,24.2393,High,train
665,Flood,7019,2824,4,2,4.5,1.33,11.4,7250,SportsGround,2.4855,29.7514,Moderate,train
510,Earthquake,1245,1282,4,5,3.0,1.5,11.4,1863,MainGate,0.9711,21.8498,Moderate,train
1518,Chemical,262,1250,4,2,4.5,1.43,9.0,10747,SportsGround,0.2096,2.6976,Low,test
118,Fire,7464,2279,4,2,10.6,0.63,14.3,9420,HostelBlock,3.2751,43.7422,Moderate,train
2694,Chemical,10252,4893,4,4,11.6,1.67,2.3,15183,LibraryJunction,2.0952,162.3529,Low,train
979,Chemical,9922,3272,4,2,8.5,1.03,2.6,4446,Cafeteria,3.0324,53.0973,Moderate,validation
1202,Chemical,5121,3647,1,1,5.2,1.29,10.9,14635,Cafeteria,1.4042,9.4194,Moderate,validation
663,Other,2953,3900,3,5,4.1,0.82,12.5,2685,MainGate,0.7572,12.7285,Moderate,train
1957,Flood,6696,1388,3,5,8.3,0.8,3.0,11883,Cafeteria,4.8242,160.1634,Moderate,validation
1587,Other,11639,1463,5,4,4.2,1.09,17.4,1152,AuditoriumRoad,7.9556,145.6829,Critical,train
1203,Fire,927,4137,2,2,6.1,1.36,11.6,11320,AuditoriumRoad,0.2241,3.7183,Low,test
1676,Other,7012,2552,1,4,10.8,0.93,2.8,2799,SportsGround,2.7476,110.3876,Moderate,test
494,Earthquake,2164,1373,1,4,8.3,1.49,11.7,1192,ExitGate,1.5761,77.9665,Moderate,train
2771,Other,3354,3052,1,1,2.8,1.47,10.2,6015,SportsGround,1.099,4.5235,Moderate,validation
2692,Chemical,14895,3724,5,2,9.1,0.61,6.4,8644,SportsGround,3.9997,44.4047,Moderate,train
2418,Chemical,1432,2122,4,4,5.4,0.98,4.9,15350,None,0.6748,14.2842,Low,train
1746,Earthquake,1370,4123,4,5,3.3,1.49,10.3,11663,AuditoriumRoad,0.3323,8.1696,Low,test
73,Chemical,3830,2910,4,2,5.4,1.26,10.5,9198,HostelBlock,1.3162,17.9108,Low,train
2511,Earthquake,10397,1338,3,5,11.1,1.02,18.5,9812,None,7.7706,439.8937,High,train
206,Chemical,717,2484,5,1,4.3,1.07,9.5,7265,SportsGround,0.2886,1.3278,Moderate,train
362,Other,2676,1004,1,1,8.8,1.55,9.5,12893,SportsGround,2.6653,36.3547,Moderate,train
1521,Other,3283,1120,2,3,9.7,0.8,9.1,14197,AuditoriumRoad,2.9312,68.2383,Low,train
1812,Flood,10078,1143,2,1,6.1,0.78,9.6,14019,HostelBlock,8.8171,41.9518,High,validation
1395,Flood,7520,903,4,4,4.4,1.5,12.6,2542,MainGate,8.3278,219.8539,Critical,train
291,Chemical,12258,1338,2,3,10.8,0.54,6.7,14626,MainGate,9.1614,160.2879,High,train
2711,Earthquake,3530,1450,2,1,8.0,0.9,17.3,765,LibraryJunction,2.4345,17.5284,High,train
2508,Earthquake,2369,4350,1,5,8.3,1.07,7.9,11499,Cafeteria,0.5446,24.183,Low,test
2896,Earthquake,13091,1118,3,4,4.6,1.1,16.0,2366,None,11.7093,236.9962,Critical,test
1545,Earthquake,9253,3174,4,3,3.8,1.58,8.8,917,Cafeteria,2.9152,52.5086,High,test
2646,Chemical,248,4120,3,1,11.5,1.67,3.4,11385,MainGate,0.0602,1.1561,Low,train
2034,Earthquake,11118,2389,1,1,2.6,1.01,19.2,10691,SportsGround,4.6538,12.2209,Critical,train
369,Other,13073,1327,3,5,10.9,1.64,6.8,11228,ExitGate,9.8515,880.5271,High,train
2426,Earthquake,8148,4117,5,4,8.6,0.84,12.9,2578,HostelBlock,1.9791,57.1881,Moderate,train
554,Chemical,6729,1196,5,4,9.9,0.67,4.4,9663,SportsGround,5.6263,149.277,Moderate,train
1451,Earthquake,9358,4173,1,3,7.0,1.42,3.1,6306,MainGate,2.2425,66.8714,Moderate,train
2532,Fire,897,4492,5,5,7.8,1.79,2.8,3255,None,0.1997,13.9411,Low,train
1900,Chemical,10405,3025,1,3,6.7,1.38,20.0,6594,AuditoriumRoad,3.4397,95.4104,High,train
2649,Flood,9890,1552,2,5,6.3,1.36,19.9,3797,None,6.3724,272.9936,High,train
1863,Chemical,14943,1980,3,4,6.9,0.84,19.5,9708,AuditoriumRoad,7.547,174.9696,Critical,validation
2087,Fire,3697,3030,1,4,7.9,0.79,15.9,4202,MainGate,1.2201,30.4586,Moderate,train
1664,Other,7920,517,2,1,3.8,1.78,8.6,11733,HostelBlock,15.3191,103.6184,Critical,test
2936,Earthquake,11492,3043,5,1,4.8,1.37,12.8,12783,AuditoriumRoad,3.7765,24.8343,High,train
1077,Fire,12341,967,2,5,2.6,1.61,7.2,3092,Cafeteria,12.7622,267.1128,Critical,train
1099,Flood,2311,4015,4,2,6.3,0.91,4.9,4284,MainGate,0.5756,6.5998,Low,train
231,Earthquake,9002,1962,4,5,3.7,1.77,17.0,12889,None,4.5882,150.2406,Moderate,train
1199,Earthquake,5424,2691,5,5,3.5,0.95,9.4,10688,ExitGate,2.0156,33.5093,Moderate,validation
2884,Flood,431,1808,5,5,11.4,1.05,6.2,10387,Cafeteria,0.2384,14.2682,Low,train
2480,Fire,10700,3587,3,2,8.9,0.95,13.6,10001,None,2.983,50.4425,Moderate,train
1251,Other,12130,4477,2,3,8.5,0.56,10.1,4125,LibraryJunction,2.7094,38.6902,Moderate,train
445,Other,10525,4195,4,4,5.5,1.01,4.1,596,MainGate,2.5089,55.7478,Moderate,train
202,Flood,8708,4380,4,2,8.3,1.17,7.9,10544,HostelBlock,1.9881,38.6129,Low,train
1277,Other,2275,1338,5,5,8.6,1.0,12.4,14482,AuditoriumRoad,1.7003,73.1129,Low,train
918,Chemical,2900,4194,3,2,7.3,1.1,3.3,11878,ExitGate,0.6915,11.1055,Low,train
784,Fire,7433,834,3,5,7.1,1.14,17.2,14702,LibraryJunction,8.9125,360.6889,High,train
1799,Flood,10527,3833,1,2,2.6,1.13,9.7,11510,LibraryJunction,2.7464,16.1378,Moderate,test
331,Other,12821,3435,2,4,5.4,0.84,4.2,3082,AuditoriumRoad,3.7325,67.7225,High,train
2160,Chemical,13820,3888,3,5,6.9,1.51,3.8,15529,ExitGate,3.5545,185.1717,Moderate,test
2923,Flood,6480,972,3,5,4.6,0.58,18.3,1317,Cafeteria,6.6667,88.9338,Critical,train
2631,Earthquake,5490,1320,3,3,8.5,1.39,15.8,7708,None,4.1591,147.4193,Moderate,train
136,Chemical,2779,1774,5,1,8.9,0.85,13.9,8457,ExitGate,1.5665,11.8506,Moderate,train
2574,Earthquake,13267,3600,1,3,8.3,0.72,11.1,5484,LibraryJunction,3.6853,66.0701,High,train
1310,Chemical,6550,1284,2,3,9.7,0.67,15.9,15213,AuditoriumRoad,5.1012,99.4581,Moderate,train
1872,Chemical,3156,1454,4,5,10.3,1.62,9.9,3560,LibraryJunction,2.1706,181.0932,Moderate,train
2081,Earthquake,6463,4618,1,4,4.5,0.86,3.4,6123,AuditoriumRoad,1.3995,21.6643,Moderate,train
2501,Flood,6376,3324,5,5,11.1,1.73,13.8,3028,SportsGround,1.9182,184.176,Moderate,validation
1090,Chemical,11335,2065,5,1,6.0,0.97,7.4,5529,MainGate,5.4891,31.9466,High,validation
2437,Chemical,9534,2854,5,2,8.1,1.52,12.9,11233,Cafeteria,3.3406,82.2589,Moderate,train
2567,Flood,1269,501,4,5,4.3,1.49,5.2,5069,AuditoriumRoad,2.5329,81.1415,Moderate,train
414,Fire,5621,2473,3,1,7.3,1.22,8.8,13887,SportsGround,2.2729,20.2424,Moderate,train
1338,Earthquake,3126,2870,2,4,7.7,0.96,5.9,15253,AuditoriumRoad,1.0892,32.2055,Low,test
2542,Earthquake,13513,3208,1,4,4.7,1.02,6.3,14086,None,4.2123,80.7751,Moderate,train
794,Chemical,7312,2026,4,1,2.9,0.94,10.3,4173,LibraryJunction,3.6091,9.8384,High,train
671,Earthquake,9910,4143,5,3,6.5,1.47,18.2,4269,MainGate,2.392,68.5667,High,test
647,Chemical,12805,2764,4,3,4.9,1.51,7.0,1522,Cafeteria,4.6328,102.8343,High,validation
2913,Chemical,8399,4604,4,2,10.5,0.81,8.4,2245,LibraryJunction,1.8243,31.0313,Moderate,train
1392,Flood,12970,823,2,5,5.8,0.59,17.7,15711,SportsGround,15.7594,269.6433,Critical,validation
2485,Chemical,5545,4813,1,1,6.8,1.17,13.9,6052,LibraryJunction,1.1521,9.1661,Moderate,test
782,Flood,12272,3084,4,2,7.8,1.7,13.5,7708,None,3.9792,105.5284,Moderate,train
2818,Fire,11828,3488,5,4,5.8,1.02,15.9,7163,AuditoriumRoad,3.3911,80.247,High,validation
167,Other,4141,3390,5,4,4.3,1.37,11.4,6408,MainGate,1.2215,28.7834,Moderate,train
1136,Flood,8521,4029,3,1,6.7,0.98,2.9,6767,Cafeteria,2.1149,13.8864,Moderate,train
60,Flood,10395,1545,5,1,11.1,1.27,13.9,1875,Cafeteria,6.7282,94.8474,Critical,test
2163,Chemical,8486,3281,1,2,4.0,1.28,16.4,10083,HostelBlock,2.5864,26.4847,Moderate,test
1922,Flood,11412,3525,5,5,7.4,1.16,19.9,10079,ExitGate,3.2374,138.9492,Moderate,validation
571,Flood,12112,1692,1,3,10.9,1.04,9.4,7758,AuditoriumRoad,7.1584,243.4429,High,test
343,Earthquake,6013,3681,2,2,4.7,0.91,15.3,6378,None,1.6335,13.973,Low,test
2237,Other,14517,4091,5,3,3.6,1.53,10.3,6339,AuditoriumRoad,3.5485,58.6354,High,train
666,Chemical,9969,808,2,4,8.3,0.61,16.9,5434,HostelBlock,12.3379,249.8672,Critical,validation
1604,Chemical,8579,4349,4,4,9.7,1.59,12.6,9678,LibraryJunction,1.9726,121.6936,Moderate,train
2245,Chemical,9847,3756,1,3,4.6,1.56,4.5,10405,AuditoriumRoad,2.6217,56.44,Moderate,train
1541,Earthquake,12250,996,2,5,10.1,0.87,16.2,7430,None,12.2992,540.3654,Critical,train
2810,Flood,4378,2318,3,1,8.6,1.55,14.8,3196,HostelBlock,1.8887,25.1764,Moderate,train
478,Earthquake,11351,2757,4,2,6.4,1.52,10.7,6565,ExitGate,4.1172,80.1042,High,train
1971,Earthquake,703,1890,2,5,7.6,1.39,16.8,15208,ExitGate,0.372,19.649,Low,train
2274,Other,14244,1600,5,1,5.0,0.84,6.9,2401,SportsGround,8.9025,37.3905,Critical,train
819,Earthquake,12802,3905,1,2,10.4,1.12,7.2,3305,MainGate,3.2784,76.3736,High,train
330,Other,2430,2160,5,1,4.0,0.71,10.4,7160,MainGate,1.125,3.195,Moderate,train
856,Flood,4809,4680,1,2,9.5,1.23,7.4,6976,MainGate,1.0276,24.015,Low,test
2306,Fire,7795,2252,4,1,11.1,1.15,6.8,7974,AuditoriumRoad,3.4614,44.1848,Moderate,train
1285,Fire,4357,3521,5,1,8.3,0.54,6.9,8343,Cafeteria,1.2374,5.546,Low,train
682,Fire,14838,3652,3,5,2.8,1.05,6.9,16000,SportsGround,4.063,59.7261,Moderate,train
1725,Flood,10503,2134,4,5,7.9,0.96,8.8,10733,SportsGround,4.9217,186.6309,Moderate,test
1770,Chemical,10136,895,2,2,8.1,1.32,5.6,4051,LibraryJunction,11.3251,242.1759,Critical,test
953,Earthquake,7420,3848,5,1,10.7,0.72,7.3,6688,MainGate,1.9283,14.8556,Moderate,validation
2182,Flood,3554,2093,1,2,8.7,1.49,2.7,4966,SportsGround,1.698,44.0223,Low,train
395,Fire,11562,2353,3,3,3.7,1.0,12.6,3236,MainGate,4.9137,54.5421,High,train
283,Other,10215,3683,4,5,3.6,0.96,10.2,3326,AuditoriumRoad,2.7736,47.9278,High,validation
1171,Fire,7030,4300,4,2,2.8,1.09,12.2,680,AuditoriumRoad,1.6349,9.9794,High,test
2321,Flood,2658,3031,1,2,8.5,1.55,14.0,1620,HostelBlock,0.8769,23.1063,Moderate,train
938,Chemical,9644,2837,4,2,5.1,1.52,3.4,6391,Cafeteria,3.3994,52.7043,Moderate,train
1501,Other,5333,1236,3,2,9.6,1.75,7.5,1581,HostelBlock,4.3147,144.9739,High,train
2570,Fire,7350,3150,5,5,8.4,0.76,19.3,2536,None,2.3333,74.4789,Moderate,validation
1819,Chemical,14398,3989,2,5,4.8,0.65,11.3,9404,HostelBlock,3.6094,56.3066,Moderate,train
902,Chemical,14379,1722,4,2,4.7,1.47,10.5,8951,ExitGate,8.3502,115.3831,Critical,test
2299,Other,3209,1579,3,2,3.4,1.02,4.6,3466,SportsGround,2.0323,14.096,Moderate,test
702,Earthquake,10082,3103,5,5,11.5,1.68,8.5,2923,Cafeteria,3.2491,313.8631,High,test
1319,Other,14459,3641,1,2,2.6,1.73,14.7,4724,SportsGround,3.9712,35.7249,Critical,train
393,Fire,2320,1221,5,4,8.5,1.02,19.4,6780,None,1.9001,65.8955,Low,train
2796,Fire,3751,899,5,5,8.0,1.48,15.2,5183,AuditoriumRoad,4.1724,247.0061,Moderate,train
1738,Chemical,2718,1099,4,1,6.6,1.41,5.0,12193,HostelBlock,2.4732,23.0156,Moderate,validation
2206,Flood,6239,3587,4,5,6.2,0.72,17.7,9916,MainGate,1.7393,38.8212,Moderate,train
831,Earthquake,4861,2951,5,2,9.3,1.18,6.5,5871,SportsGround,1.6472,36.1527,Low,test
504,Earthquake,6114,2628,3,5,7.8,1.55,8.2,7246,MainGate,2.3265,140.6369,Low,train
1958,Chemical,2140,2029,2,2,5.3,1.75,16.4,7515,ExitGate,1.0547,19.5647,Moderate,train
977,Chemical,12247,2102,1,3,9.4,1.25,14.2,14564,LibraryJunction,5.8264,205.3806,High,test
742,Other,7214,1297,3,3,6.4,0.57,6.4,4344,AuditoriumRoad,5.5621,60.8716,High,test
183,Earthquake,9211,1031,5,3,11.0,1.61,14.8,15693,LibraryJunction,8.934,474.6634,High,test
358,Chemical,1771,2445,1,4,7.9,1.59,4.8,6411,None,0.7243,36.3917,Low,train
1252,Chemical,12972,2189,1,5,8.3,0.67,11.7,12332,None,5.926,164.7724,Moderate,validation
2483,Chemical,7511,848,1,2,2.8,1.32,2.6,10995,MainGate,8.8573,65.4732,High,train
1084,Flood,13807,2007,1,1,11.0,1.06,19.3,5364,LibraryJunction,6.8794,80.2138,Critical,test
708,Fire,3878,4296,1,1,4.0,0.89,13.5,10929,ExitGate,0.9027,3.2136,Moderate,train
993,Earthquake,10089,712,2,1,5.1,1.19,14.3,7164,MainGate,14.1699,85.9971,Critical,validation
1311,Flood,8950,3726,1,3,7.1,1.46,12.6,4132,LibraryJunction,2.402,74.6974,High,train
610,Chemical,1031,4134,2,1,7.0,1.38,3.9,1381,MainGate,0.2494,2.4092,Low,train
1842,Earthquake,6528,2653,5,3,2.6,0.92,10.8,11642,AuditoriumRoad,2.4606,17.6573,Moderate,train
1350,Flood,10509,4690,4,4,10.0,0.63,17.2,12918,MainGate,2.2407,56.4656,Moderate,validation
2812,Other,9445,4884,4,2,10.9,1.6,13.5,13042,SportsGround,1.9339,67.4544,Low,train
746,Other,2930,3281,5,3,6.0,1.07,10.9,14382,MainGate,0.893,17.1992,Low,validation
1127,Chemical,2457,1895,5,4,3.6,0.92,4.7,10070,Cafeteria,1.2966,17.1774,Low,validation
555,Earthquake,10886,3738,5,2,7.8,1.8,11.4,4470,MainGate,2.9123,81.7774,High,train
692,Earthquake,13993,4843,5,4,6.9,1.24,18.2,5521,LibraryJunction,2.8893,98.8834,High,train
1155,Chemical,11100,4612,5,2,11.6,1.43,4.6,12510,SportsGround,2.4068,79.848,Low,train
262,Chemical,1699,1372,1,3,6.7,1.49,3.8,1930,LibraryJunction,1.2383,37.0858,Low,validation
969,Other,5437,3970,3,2,7.4,1.28,6.0,6976,None,1.3695,25.9438,Low,validation
569,Chemical,9719,1635,5,2,10.7,0.9,14.7,9082,LibraryJunction,5.9443,114.4872,High,validation
2048,Flood,1637,2024,2,5,9.5,1.5,7.6,6975,None,0.8088,57.627,Low,train
2309,Flood,13698,4834,2,4,8.3,1.45,4.3,3733,HostelBlock,2.8337,136.4143,Moderate,validation
1798,Earthquake,9121,3438,2,4,8.8,0.62,11.9,9886,Cafeteria,2.653,57.8991,Moderate,train
2484,Earthquake,6788,1805,2,5,4.1,1.73,11.9,11170,AuditoriumRoad,3.7607,133.3732,Moderate,train
2446,Earthquake,4838,2621,1,4,5.3,1.72,14.9,6874,HostelBlock,1.8459,67.3089,Moderate,validation
2553,Earthquake,5055,585,4,2,9.7,1.67,9.3,2647,SportsGround,8.641,279.9511,Critical,train
643,Chemical,8718,2096,3,2,5.5,0.51,2.2,1613,None,4.1594,23.3342,Moderate,train
2621,Earthquake,7782,2221,5,1,5.9,0.58,10.9,1451,AuditoriumRoad,3.5038,11.99,High,test
885,Chemical,3218,3779,1,3,2.6,0.97,12.0,2833,AuditoriumRoad,0.8515,6.4424,Moderate,test
1007,Fire,7786,790,5,4,3.0,0.51,10.3,5388,HostelBlock,9.8557,60.3169,Critical,train
1407,Other,10253,3494,1,4,7.2,1.58,12.3,2561,SportsGround,2.9345,133.5315,High,train
2463,Flood,534,3654,3,2,6.0,1.48,9.7,6028,None,0.1461,2.5947,Low,validation
2229,Earthquake,10043,2325,4,3,4.1,1.6,16.7,9255,SportsGround,4.3196,85.0097,High,train
754,Flood,4223,726,3,4,7.1,1.79,9.6,15338,None,5.8168,295.7028,Moderate,train
2068,Chemical,13331,1164,2,1,6.5,0.52,3.0,7149,HostelBlock,11.4527,38.7101,Critical,train
1267,Chemical,11814,4279,4,5,7.8,1.46,15.2,15593,MainGate,2.7609,157.2056,Moderate,train
140,Other,1380,3401,4,1,6.6,1.1,3.4,5629,Cafeteria,0.4058,2.9461,Low,train
736,Fire,5009,2154,4,4,7.3,1.21,16.6,9356,None,2.3254,82.161,Low,train
2587,Earthquake,8823,4605,2,2,4.4,1.18,11.8,8414,None,1.916,19.8957,Moderate,train
239,Fire,12560,2006,5,4,4.8,0.79,17.4,2865,ExitGate,6.2612,94.9699,Critical,train
11,Flood,6130,3771,2,2,7.3,0.62,2.8,2296,LibraryJunction,1.6256,14.7149,Moderate,train
240,Chemical,7024,3880,5,5,3.8,0.82,5.7,11095,MainGate,1.8103,28.2045,Low,validation
732,Chemical,12730,2781,5,5,5.1,1.53,13.6,7057,HostelBlock,4.5775,178.5912,High,train
984,Flood,13036,4894,5,4,3.1,1.59,11.7,13915,MainGate,2.6637,52.5175,Moderate,validation
28,Other,9949,1061,1,2,6.3,1.72,12.3,9985,None,9.377,203.2183,High,train
743,Chemical,11472,1195,1,3,3.6,0.72,11.7,1112,ExitGate,9.6,74.6496,Critical,train
2215,Other,13892,1468,1,2,6.3,1.75,2.7,7057,AuditoriumRoad,9.4632,208.6636,Critical,train
2459,Chemical,1549,3573,5,4,10.5,1.75,8.3,7309,AuditoriumRoad,0.4335,31.8622,Low,train
2093,Flood,7868,2097,1,1,5.1,0.58,16.9,15655,HostelBlock,3.752,11.0984,High,test
765,Fire,4689,777,1,4,7.0,1.04,17.1,12253,Cafeteria,6.0347,175.7305,High,train
2619,Earthquake,10484,4941,4,1,8.9,1.22,16.6,7817,HostelBlock,2.1218,23.0385,Moderate,train
319,Flood,14851,1342,5,1,4.7,1.16,2.8,14638,None,11.0663,60.3335,Critical,train
1399,Fire,3957,2963,1,4,10.8,0.52,19.4,12454,HostelBlock,1.3355,30.0007,Moderate,train
1614,Fire,6120,1506,1,1,10.5,0.86,11.9,4897,LibraryJunction,4.0637,36.6952,High,train
2755,Chemical,7802,3836,5,2,11.1,0.97,6.3,3385,Cafeteria,2.0339,43.798,Moderate,train
2200,Earthquake,11076,1770,5,2,4.4,0.79,13.0,2124,SportsGround,6.2576,43.5028,Critical,train
1500,Earthquake,12247,4846,1,1,10.0,0.61,2.2,14627,None,2.5272,15.4159,Low,validation
1491,Earthquake,10638,2849,2,4,12.0,1.65,8.6,843,Cafeteria,3.7339,295.7249,High,train
2961,Earthquake,6277,4371,1,5,6.1,1.67,6.6,1110,Cafeteria,1.4361,73.1478,High,train
1899,Chemical,10294,638,3,4,11.6,1.23,15.8,7896,HostelBlock,16.1348,920.8453,Critical,train
914,Other,5881,4238,3,4,8.3,1.55,5.2,4581,LibraryJunction,1.3877,71.411,Low,train
1658,Fire,1815,1755,5,5,5.9,1.47,9.5,5926,AuditoriumRoad,1.0342,44.8481,Low,train
2288,Flood,3553,3833,2,2,6.0,1.79,17.2,13499,LibraryJunction,0.927,19.912,Moderate,train
285,Other,7052,3682,5,2,8.0,1.05,10.8,9304,LibraryJunction,1.9153,32.177,Low,train
2540,Fire,245,3579,3,2,11.8,0.68,8.9,12621,AuditoriumRoad,0.0685,1.0993,Low,validation
1468,Chemical,2419,3124,4,2,5.3,1.31,9.3,6677,MainGate,0.7743,10.7519,Low,train
2441,Chemical,5080,1813,4,1,3.3,1.27,8.9,594,None,2.802,11.7432,High,train
2629,Flood,11895,2487,3,1,6.5,0.93,11.2,7279,SportsGround,4.7829,28.9126,High,test
2072,Chemical,10804,2976,5,4,4.1,0.75,17.2,6813,LibraryJunction,3.6304,44.6539,High,test
1332,Earthquake,10600,3946,5,3,7.6,1.12,12.0,6118,HostelBlock,2.6863,68.5974,Moderate,train
916,Chemical,14659,2742,5,3,8.8,0.59,15.1,15282,SportsGround,5.3461,83.2709,Moderate,train
2625,Fire,14593,4982,5,1,4.0,1.24,16.2,9068,Cafeteria,2.9291,14.5283,High,train
972,Fire,4975,4555,4,1,11.8,0.93,16.9,3950,SportsGround,1.0922,11.9858,Moderate,train
334,Chemical,1869,4285,2,1,2.6,1.58,19.7,2641,SportsGround,0.4362,1.7919,Moderate,test
1044,Fire,9123,1342,3,1,7.4,1.59,4.6,15444,SportsGround,6.7981,79.9864,High,train
932,Flood,1181,1150,2,3,7.2,0.76,8.8,11019,None,1.027,16.8592,Low,train
1303,Fire,13865,4379,2,3,9.4,1.28,10.7,7072,AuditoriumRoad,3.1662,114.2872,Moderate,validation
2960,Flood,3334,3859,2,3,8.9,1.2,6.1,4401,AuditoriumRoad,0.864,27.6826,Low,train
2447,Chemical,2105,2856,2,4,4.2,1.11,18.1,9074,HostelBlock,0.737,13.7436,Moderate,validation
1412,Chemical,8127,4438,3,2,8.5,1.56,12.4,7907,SportsGround,1.8312,48.5634,Moderate,train
1709,Other,3657,4020,5,4,4.3,1.19,8.2,7127,Cafeteria,0.9097,18.6197,Low,train
2311,Flood,9605,2335,5,4,5.5,1.06,4.7,14519,None,4.1135,95.9268,Low,train
1498,Chemical,11569,695,2,4,7.9,0.72,19.7,11651,LibraryJunction,16.646,378.7298,Critical,train
224,Other,7914,4999,5,2,9.7,1.38,12.7,13400,MainGate,1.5831,42.3828,Low,train
31,Earthquake,1400,1319,5,2,7.3,0.67,8.3,1627,SportsGround,1.0614,10.3826,Low,train
1517,Fire,10236,1366,1,1,9.2,0.76,15.4,1829,LibraryJunction,7.4934,52.3939,Critical,train
1987,Fire,383,1496,5,1,10.3,0.75,8.9,2022,AuditoriumRoad,0.256,1.9776,Low,train
460,Fire,3135,1804,5,5,8.8,1.76,15.2,8421,HostelBlock,1.7378,134.5752,Low,train
434,Fire,2331,2664,2,5,10.5,0.51,10.4,15859,LibraryJunction,0.875,23.4281,Low,train
1645,Flood,9237,4698,4,1,11.4,1.63,10.6,6275,HostelBlock,1.9662,36.5359,Moderate,validation
1557,Flood,2046,2014,1,4,10.1,1.47,17.7,3779,AuditoriumRoad,1.0159,60.3323,Moderate,train
1883,Chemical,7902,3904,1,2,9.0,1.15,13.0,2386,LibraryJunction,2.0241,41.8989,High,test
1718,Earthquake,3100,2788,4,1,7.0,1.49,3.2,7945,HostelBlock,1.1119,11.5971,Low,train
803,Fire,3628,719,4,2,8.7,1.07,13.3,13443,SportsGround,5.0459,93.9446,Moderate,train
805,Earthquake,521,4362,4,5,4.8,0.88,16.9,6918,None,0.1194,2.5217,Low,train
1884,Chemical,10575,896,2,2,3.6,0.7,17.6,15638,ExitGate,11.8025,59.4846,Critical,train
1998,Fire,14026,4215,1,5,6.8,0.99,14.5,4378,LibraryJunction,3.3276,112.007,High,validation
2806,Earthquake,4245,3527,3,2,11.9,1.25,12.7,12969,LibraryJunction,1.2036,35.8071,Low,validation
2386,Other,10151,4392,1,4,11.0,1.4,16.4,8970,Cafeteria,2.3112,142.3699,Moderate,train
1249,Fire,11459,3875,2,1,5.3,1.16,18.0,13325,Cafeteria,2.9572,18.1809,Moderate,train
2071,Fire,6614,4034,2,3,8.2,0.75,6.0,7329,HostelBlock,1.6396,30.2506,Low,test
101,Fire,14493,4497,5,1,8.4,0.81,14.3,5208,SportsGround,3.2228,21.9279,High,train
2091,Earthquake,8346,1421,2,2,10.8,1.71,14.2,11829,Cafeteria,5.8733,216.9362,Moderate,validation
2080,Other,6106,2133,2,4,6.0,1.11,17.4,6939,Cafeteria,2.8626,76.2597,Moderate,validation
64,Earthquake,7819,2285,3,3,4.1,1.29,15.5,2376,LibraryJunction,3.4219,54.2953,High,train
1238,Chemical,2267,4767,4,3,11.2,1.43,18.5,2465,ExitGate,0.4756,22.8516,Low,train
923,Chemical,13905,891,5,1,6.2,0.9,2.9,576,None,15.6061,87.082,Critical,train
1702,Earthquake,14755,3107,1,2,8.0,1.26,3.4,1304,AuditoriumRoad,4.749,95.7398,High,train
2214,Flood,361,3088,5,2,8.8,1.17,9.1,662,HostelBlock,0.1169,2.4072,Low,validation
1860,Other,13902,2059,1,2,4.4,0.69,17.1,616,AuditoriumRoad,6.7518,40.9969,Critical,train
1050,Earthquake,9667,1427,4,3,3.9,0.92,4.3,13075,Cafeteria,6.7744,72.9196,Moderate,train
2779,Earthquake,8577,4115,3,5,6.5,0.71,16.7,9965,AuditoriumRoad,2.0843,48.0952,Moderate,train
328,Earthquake,10640,1593,4,1,8.1,0.58,13.9,2641,SportsGround,6.6792,31.3789,Critical,validation
405,Fire,10756,2596,2,4,11.9,0.88,10.4,2135,LibraryJunction,4.1433,173.5546,High,validation
71,Flood,5776,2616,3,5,9.2,0.86,2.2,3630,MainGate,2.208,87.3485,Moderate,train
2115,Other,1379,2692,1,5,9.8,1.38,7.9,4950,None,0.5123,34.6417,Low,train
2164,Chemical,12623,3729,5,3,9.3,1.69,15.0,2915,SportsGround,3.3851,159.6109,High,train
495,Flood,8266,3083,5,3,7.2,1.78,18.5,5091,Cafeteria,2.6812,103.0868,Moderate,train
1873,Fire,2855,1072,1,3,4.8,1.67,10.4,9134,ExitGate,2.6632,64.0446,Moderate,train
2024,Chemical,9050,1629,1,3,5.7,1.08,10.0,5033,None,5.5556,102.6008,High,test
1134,Other,14555,4276,1,1,4.8,1.66,5.4,968,ExitGate,3.4039,27.1223,High,test
867,Fire,11553,689,5,5,4.9,1.23,10.2,15866,Cafeteria,16.7678,505.2977,Critical,train
556,Earthquake,5498,4023,5,1,3.6,1.04,8.6,3620,HostelBlock,1.3666,5.1166,Moderate,train
1342,Earthquake,2470,2336,5,5,7.3,0.6,12.3,7197,None,1.0574,23.1571,Low,train
2956,Other,777,1937,2,2,7.1,1.42,9.8,11378,Cafeteria,0.4011,8.0878,Low,train
263,Chemical,9325,4176,5,5,6.4,0.53,8.4,2024,HostelBlock,2.233,37.8717,Moderate,test
1448,Other,14289,3135,2,5,8.0,0.63,18.5,8814,ExitGate,4.5579,114.8591,High,validation
954,Earthquake,5805,1026,1,5,4.7,1.13,15.7,655,None,5.6579,150.2455,Critical,train
1391,Other,14834,3405,5,2,4.3,0.69,7.6,2153,None,4.3565,25.8515,High,train
2641,Flood,9367,3723,2,1,3.8,1.58,8.0,6534,AuditoriumRoad,2.516,15.1061,High,train
2400,Chemical,9662,3586,2,1,10.7,1.07,12.1,13320,ExitGate,2.6944,30.8482,Moderate,train
2003,Flood,4792,1685,1,5,9.3,1.02,4.5,4862,LibraryJunction,2.8439,134.8862,Moderate,validation
1534,Earthquake,1234,4379,1,4,6.0,0.82,19.0,11776,SportsGround,0.2818,5.5458,Moderate,train
190,Other,13720,837,1,1,2.9,1.33,12.4,11168,SportsGround,16.3919,63.2236,Critical,test
652,Fire,6817,4072,1,5,4.6,1.0,14.4,13276,ExitGate,1.6741,38.5043,Moderate,train
2860,Fire,4452,1637,5,4,6.0,1.11,16.3,10904,AuditoriumRoad,2.7196,72.4501,Moderate,train
2876,Earthquake,9638,3388,1,3,11.9,0.72,8.4,14998,ExitGate,2.8447,73.1202,Moderate,train
1402,Earthquake,12356,1740,2,3,10.9,0.64,4.9,8651,SportsGround,7.1011,148.6118,High,validation
852,Chemical,9277,2704,5,1,4.8,1.22,16.1,5490,Cafeteria,3.4308,20.0908,High,train
93,Chemical,10812,1462,2,4,11.4,0.88,14.7,7307,ExitGate,7.3953,296.7586,High,train
1446,Earthquake,14092,2024,5,5,6.3,1.25,18.2,6842,AuditoriumRoad,6.9625,274.1484,Critical,train
1396,Earthquake,9674,4650,5,1,4.0,0.77,18.9,12634,HostelBlock,2.0804,6.4076,Moderate,validation
2545,Earthquake,2416,3488,1,5,5.0,0.71,5.6,15946,ExitGate,0.6927,12.2954,Low,train
1619,Earthquake,4233,1283,4,2,4.8,1.29,18.1,15534,SportsGround,3.2993,40.8585,Moderate,train
287,Chemical,2436,4469,2,4,11.7,1.16,10.9,11718,ExitGate,0.5451,29.5924,Low,validation
1105,Fire,14038,4548,3,2,6.2,1.14,2.4,1705,ExitGate,3.0866,43.6322,Moderate,validation
1425,Fire,5298,4764,5,1,9.8,1.28,6.2,7680,AuditoriumRoad,1.1121,13.9502,Low,validation
217,Chemical,14564,2871,1,1,5.3,1.28,18.7,5989,AuditoriumRoad,5.0728,34.4139,Critical,validation
1720,Fire,480,1593,2,4,6.2,1.78,11.9,11016,LibraryJunction,0.3013,13.3006,Low,train
1918,Other,4267,2680,2,2,9.7,1.07,5.8,11786,AuditoriumRoad,1.5922,33.0509,Low,validation
2448,Other,14852,3942,1,4,10.7,0.77,6.5,5289,LibraryJunction,3.7676,124.165,High,validation
2351,Fire,3519,978,2,1,12.0,0.76,12.7,9523,None,3.5982,32.8156,Moderate,test
2094,Fire,8998,4098,1,1,11.3,0.98,13.7,11285,None,2.1957,24.3152,Moderate,train
564,Flood,1642,4854,2,2,7.3,1.1,18.7,852,None,0.3383,5.4331,Moderate,train
1063,Fire,10893,3065,4,4,4.1,1.54,13.6,3690,AuditoriumRoad,3.554,89.7598,High,train
2224,Other,2354,2564,5,5,11.4,1.01,6.9,6118,Cafeteria,0.9181,52.855,Low,train
730,Fire,7377,3747,5,1,3.6,1.01,14.5,2166,LibraryJunction,1.9688,7.1586,High,test
85,Earthquake,11664,2991,4,3,7.3,1.14,3.4,1153,Cafeteria,3.8997,97.3599,High,train
2975,Fire,5293,3311,1,2,10.3,1.47,6.8,3415,Cafeteria,1.5986,48.4088,Moderate,train
237,Other,4708,2961,1,5,11.5,1.64,18.4,10756,Cafeteria,1.59,149.937,Moderate,train
1247,Chemical,2041,2293,3,4,11.7,0.92,13.9,2397,LibraryJunction,0.8901,38.3241,Low,train
2759,Flood,10341,3561,2,4,8.2,0.61,3.1,1452,None,2.904,58.1032,Moderate,test
